배치번호,설비호기,교대조,소성온도,소성시간,입도,수분율,불순물,성형압력,방전용량,양품여부
B00115,B,day,898.9,150,,0.93,"1,024",25.6,178.9,1
B01337,C,day,835.0,135,14.06,1.33,800,27.5,170.5,1
B01376,F,night,829.3,150,14.77,1.26,871,26.1,172.5,1
B00511,B ,day,855.1,120,12.28,0.89,482,24.0,178.1,1
B00458,C,night,875.7,150,15.38,0.91,791,25.0,180.1,1
B00040,D,day,832.7,135,10.85,1.78,964,22.8,172.5,1
B00455,C,night,885.1,90,,0.97,"1,175",22.9,173.9,1
B00213,E,night,860.1,105,9.39,1.06,894,22.1,176.3,1
B01160,E,night,892.8,120,11.06,1.53,860,24.7,175.5,1
B00546,C,day,847.6,120,N/A,0.97,841,24.3,175.9,1
B00301,a,night,905.5,120,12.7,-,936,24.5,175.1,1
B00716, A,day,868.8,135,12.87,1.01,604,25.8,179.8,1
B00978,a,night,824.0,120,11.1,1.11,"1,438",23.9,167.5,0
B00945,F,day,825.1,105,10.59,2.11,81,23.2,173.4,1
B00789,b,day,857.2,150,13.54,1.28,930,24.6,176.0,1
B01178,A ,night,853.8,150,11.64,1.92,"1,211",23.3,171.1,1
B00304,F,night,838.8,150,10.4,1.1,649,22.9,178.0,1
B00286,A,night,861.2,120,8.41,1.53,180,24.2,180.1,1
B01019,D,day,875.8,105,8.67,0.9,835,29.8,177.5,1
B00814,D,day,835.0,120,9.24,1.15,691,22.7,170.9,1
B00959, C,day,807.1,120,13.46,1.16,284,23.1,159.7,0
B01014,B ,night,815.4,150,9.63,1.1,"1,283",21.5,164.0,0
B00255,D,night,858.4,135,9.93,1.36,761,26.8,178.3,1
B00497,A,day,847.5,150,13.82,1.03,262,24.2,181.1,1
B00864,F,day,849.2,105,11.69,1.53,"1,140",24.5,172.5,1
B00821,C,day,862.2,150,13.41,1.48,588,25.9,174.9,1
B00343, A,day,864.6,90,10.14,1.05,885,25.6,175.3,1
B00198,B,day,861.8,150,-,0.94,970,25.7,177.3,1
B01330,B,night,945.7,135,12.23,0.29,"1,078",24.1,172.5,1
B01011,f,night,873.8,150,9.64,0.75,232,28.6,188.4,1
B01041,C,day,832.3,90,10.76,1.21,558,21.8,172.5,1
B00437,D ,day,863.0,150,15.01,0.99,944,19.5,175.3,1
B01338,D,day,907.7,90,13.64,1.52,892,25.1,171.9,1
B00182,A,day,823.4,90,13.6,1.59,"1,231",23.3,163.4,0
B01116, F,night,769.3,90,12.28,0.93,477,22.8,153.0,0
B00249,A,day,803.4,105,18.64,1.33,"1,305",23.6,158.0,0
B00784, D,night,819.0,105,,,940,25.7,164.0,0
B01206,D,night,829.7,150,13.07,0.83,652,27.2,172.5,1
B00914,A,day,839.8,105,12.3,0.85,751,26.0,173.4,1
B01065,C,night,832.2,105,14.17,1.41,"1,034",20.6,170.5,1
B00507,E ,night,861.1,135,17.56,0.49,915,24.6,179.2,1
B00494,E,night,815.1,120,9.75,0.96,638,23.4,173.9,1
B00697,A,day,820.8,105,16.53,1.15,520,26.0,167.2,0
B00861,A,day,854.9,120,15.24,0.99,"1,307",25.2,170.8,1
B00208,E,day,814.2,120,10.81,0.8,770,21.7,172.1,1
B01040,C,day,883.7,105,7.29,0.44,"1,363",23.5,176.5,1
B01194, B,night,845.8,90,13.63,0.33,"1,044",23.9,172.6,1
B00918,E,night,826.5,120,10.6,1.31,695,23.8,171.5,1
B00885,b,day,863.1,90,13.64,1.39,759,23.2,175.2,1
B00527,C,day,855.9,105,11.17,0.63,329,26.3,178.7,1
B00459, D,night,908.0,105,13.53,0.94,"1,165",25.3,177.4,1
B01162,F,day,851.4,135,11.18,1.06,"1,315",29.1,174.3,1
B01318,D,night,811.8,150,11.0,1.4,735,20.9,165.8,0
B00802,C,day,865.2,135,14.72,0.87,717,25.2,180.2,1
B00844,A,day,852.2,135,13.15,1.45,"1,478",27.2,169.3,1
B00054, B,night,841.2,135,9.21,1.82,389,28.4,176.0,1
B01243,B,day,887.8,90,11.22,1.4,277,22.6,175.6,1
B00469,E,day,852.5,105,6.2,1.53,801,27.1,179.2,1
B00649,E,day,884.0,150,14.13,1.41,450,23.8,179.8,1
B00512,D,night,877.2,120,12.44,,921,19.4,176.7,1
B00408,D,day,843.4,90,11.6,1.48,"1,099",27.3,169.0,1
B00687,A,day,887.5,120,12.83,0.24,880,23.5,176.9,1
B00057,B,day,835.8,120,13.98,1.46,959,21.3,169.2,1
B00075,f,day,847.0,90,10.73,0.92,782,27.2,173.0,1
B00244,E ,night,866.9,135,N/A,-,819,22.3,177.4,1
B01294,C ,day,842.7,105,16.58,1.4,363,999.0,175.8,1
B01084,F ,day,855.6,105,11.71,1.49,446,19.0,173.8,1
B01286,D,day,829.1,90,8.82,1.12,902,26.5,172.4,1
B00970,F,night,858.5,120,12.47,1.1,"1,207",23.0,179.2,1
B00465,E,night,920.9,105,-,1.11,"1,012",25.6,176.2,1
B00515,E,day,853.8,120,13.56,1.87,890,27.8,176.0,1
B00881,D,night,879.3,135,8.14,0.88,559,25.4,179.4,1
B00630,D,day,877.1,150,11.45,0.92,732,25.3,174.5,1
B00850,d,day,840.4,105,11.83,0.73,655,26.2,177.0,1
B00523,F ,day,849.1,105,13.98,1.23,771,22.5,177.1,1
B00136,e,night,870.6,105,7.44,0.5,463,25.3,183.7,1
B00413,B,night,861.4,150,7.99,1.24,241,22.6,179.8,1
B01287,A,night,856.5,120,6.02,1.21,940,21.9,176.2,1
B00302,A ,day,873.9,105,14.0,1.66,912,23.5,172.5,1
B00112,D,night,855.9,105,10.29,0.37,653,24.1,177.4,1
B00710,B ,day,881.9,90,14.67,1.57,439,25.9,173.6,1
B01344,a,night,842.4,120,11.03,1.93,857,20.1,171.5,1
B01383,A,night,812.8,135,13.61,0.86,"1,023",26.5,163.3,0
B00854,B ,night,841.5,135,9.91,1.26,"1,362",25.3,173.8,1
B00349,E ,day,832.7,90,14.62,1.39,749,24.3,167.1,0
B00682,A,day,896.4,90,12.21,1.09,557,18.9,178.6,1
B00264, C,night,815.6,120,8.41,2.17,559,26.7,164.5,0
B00354, D,night,879.7,150,12.3,1.06,"1,067",24.4,179.2,1
B00303,E,night,857.7,105,11.47,1.65,988,24.5,175.8,1
B01097,C,day,858.9,135,12.15,0.95,"1,565",26.6,173.9,0
B01224,A,night,817.6,90,12.64,1.28,413,25.9,166.4,0
B00551,B,night,871.9,90,N/A,1.34,352,27.1,182.3,1
B00690,A,day,877.8,105,11.27,1.59,595,26.4,174.5,1
B01177,d,day,853.3,120,13.68,1.13,924,21.8,175.5,1
B00490,D ,day,855.3,105,10.48,1.04,349,24.3,177.2,1
B01180,C ,day,829.6,135,N/A,1.3,730,25.4,169.9,1
B00774,E ,night,857.4,90,11.66,,473,23.3,175.5,1
B01288, F,day,856.3,135,15.45,1.16,"1,252",22.0,175.6,1
B00282,E,day,850.1,120,7.2,1.04,254,24.8,181.4,1
B00046,F,day,841.4,135,8.06,0.62,924,22.9,180.8,1
B00668, E,night,824.6,135,10.94,1.76,607,25.8,170.8,1
B01060,B,day,848.7,135,10.53,1.45,427,23.9,171.8,1
B00186,c,day,862.0,120,12.26,1.42,151,20.8,177.6,1
B01171,C,night,813.5,105,10.5,1.24,635,23.3,166.3,0
B00764,E,night,873.2,150,11.69,0.59,"1,174",24.7,180.4,1
B00109,E,day,888.9,105,13.95,1.62,612,22.5,179.5,1
B01033,E,day,783.0,105,13.3,1.2,"1,568",25.0,152.8,0
B00984,A ,night,872.0,90,11.49,0.93,"1,368",20.0,170.4,1
B00828,c,day,847.4,135,13.92,1.47,837,21.8,172.0,1
B01399,F,night,865.2,120,13.07,1.1,"1,457",18.7,178.7,1
B00168,E,night,876.4,135,10.57,1.55,361,23.6,185.1,1
B00074,C,night,910.9,105,-,,935,23.4,176.2,1
B00226,E,night,860.1,150,8.89,1.22,34,25.4,181.8,1
B00763,D,night,852.9,90,6.53,1.3,555,22.6,177.1,1
B00370,E,night,864.4,150,15.26,1.85,389,25.4,175.0,1
B00113,D,night,844.3,90,8.95,0.87,751,23.8,176.6,1
B01334,A,day,847.8,135,13.47,1.56,"1,160",24.5,170.8,1
B00891,f,day,887.2,105,11.56,1.52,856,21.6,177.9,1
B01096, F,day,886.1,135,13.28,1.22,736,26.7,176.2,1
B00323,D,day,853.9,135,12.08,1.42,285,26.9,178.8,1
B00624,C,day,790.9,120,15.02,1.21,815,25.3,161.4,0
B01003,D,day,879.5,105,10.6,0.65,"1,240",25.5,177.5,1
B00448,B,day,846.2,120,10.14,0.86,418,27.4,176.5,1
B01256,D,day,846.3,105,16.7,0.71,670,27.8,175.0,1
B00146,C,night,896.2,105,12.94,0.95,952,24.9,181.9,1
B00815,A,night,839.2,105,11.23,1.26,687,22.1,173.2,1
B00032, B,day,828.7,135,11.99,0.98,832,999.0,167.3,0
B00656,E,day,846.7,105,9.06,1.8,"1,208",25.5,169.6,1
B01314,F,day,841.9,90,15.96,1.44,788,22.3,175.2,1
B01349,C,day,867.2,135,11.25,0.92,689,22.8,177.9,1
B00029,A,night,921.2,120,14.89,1.28,703,22.9,173.3,1
B00247,D,day,867.5,150,16.66,1.32,"1,042",23.2,173.9,1
B00010,D,day,812.0,105,11.93,1.2,"1,400",23.3,165.3,0
B01063,A,day,851.7,90,8.98,1.34,506,23.1,173.2,1
B00424,d,night,842.9,135,11.52,1.73,721,25.1,179.0,1
B01143,A ,night,779.9,150,13.54,1.26,"1,011",24.2,154.6,0
B00868,D ,day,876.5,105,11.52,1.91,679,29.3,174.4,1
B00662,C,day,872.8,105,16.39,N/A,402,26.0,175.4,1
B00371,D,day,887.2,150,8.4,0.72,461,20.9,185.5,1
B00291,E,day,911.4,135,,1.66,716,23.4,178.1,1
B01369,F,day,871.6,135,13.66,0.81,450,24.1,180.2,1
B01276,E,day,780.2,105,-,N/A,"1,012",26.1,151.8,0
B01233,B,night,821.5,120,15.67,-,616,21.5,168.5,1
B01247,C ,day,856.4,90,12.89,1.3,593,21.0,174.8,1
B00372,F,night,882.5,90,15.1,0.45,"1,405",24.9,177.1,1
B00989,E,night,892.9,105,6.61,1.46,839,24.4,180.4,1
B00375, F,night,877.5,135,9.44,0.51,"1,646",20.6,180.5,0
B00849,e,day,857.9,150,14.22,1.44,869,27.9,173.9,1
B00752,D,day,836.8,150,N/A,1.58,"1,485",25.2,171.2,1
B00775,A ,night,827.4,105,8.59,N/A,"1,013",24.6,168.0,1
B01091,A,day,814.1,135,-,1.37,968,22.5,162.1,0
B00026, D,day,846.5,120,13.98,1.51,"1,080",23.4,173.4,1
B01393,E,day,821.3,90,10.9,0.83,529,22.7,174.5,1
B00947,e,day,864.1,135,11.86,1.71,357,27.5,176.0,1
B00031,F,day,818.7,135,14.75,0.74,995,24.4,171.1,1
B00056,b,day,875.5,135,16.36,1.13,"1,092",22.3,173.3,1
B01104,A,day,852.1,135,9.45,1.09,788,27.3,174.3,1
B00442,F,night,844.7,105,18.81,1.08,773,26.1,177.6,1
B00116,A ,day,844.8,90,10.41,1.68,968,25.4,167.9,0
B00705,C,day,849.8,90,14.59,1.29,463,21.5,171.7,1
B01048, A,day,852.5,90,12.44,0.94,323,25.9,176.8,1
B00681,C,night,847.8,120,10.86,1.32,"1,164",21.3,174.1,1
B00900,B,day,896.5,135,11.15,0.98,733,25.2,181.2,1
B00183,F,night,797.1,105,11.26,0.76,"1,127",23.5,166.3,0
B00241,C,night,820.7,90,8.36,1.2,472,25.4,168.5,1
B00361,A ,day,832.1,105,12.22,0.91,899,24.9,168.6,1
B00396,C,day,900.5,150,10.23,1.48,"1,019",25.8,178.5,1
B00167,C,day,828.1,150,-,1.19,417,30.7,174.0,1
B00433,b,day,843.8,90,12.78,1.03,62,22.9,176.0,1
B01152,C ,day,829.4,150,13.0,-,"1,019",24.3,175.3,1
B00341,D ,day,839.7,105,11.35,1.53,"1,179",21.2,175.6,1
B00369,F,night,846.1,150,15.5,1.38,998,25.5,173.0,1
B01044,C,day,792.1,120,9.0,1.22,183,26.2,162.6,0
B00505, F,night,856.4,105,13.54,-,"1,104",26.3,175.2,1
B00466,C,day,849.6,120,,1.32,"1,365",25.0,166.6,0
B00595,C,day,852.4,105,13.28,1.38,"1,107",21.5,173.3,1
B00560,A,night,883.6,120,11.89,,"1,407",22.1,170.8,1
B01264,E,day,847.0,90,16.84,1.04,639,22.8,175.5,1
B00817,D,day,879.2,90,14.98,1.25,825,23.3,176.7,1
B00492, B,day,844.8,105,13.17,1.04,"1,132",22.0,170.9,1
B00299,D,night,840.5,150,11.77,1.37,"1,046",24.9,174.9,1
B00192,D,day,767.4,120,14.81,1.55,654,25.5,149.5,0
B00446,A,day,836.4,90,15.01,1.33,"1,306",24.3,165.3,0
B00666,f,day,885.3,90,8.9,1.12,579,22.1,179.3,1
B00536,A,day,898.0,105,14.48,1.7,820,22.3,171.9,1
B00002,A,day,859.1,105,13.81,1.29,277,21.8,175.6,1
B01290,F,day,862.4,150,11.96,0.75,745,22.1,183.5,1
B01203,C,day,857.3,105,11.44,1.02,"1,242",27.2,172.4,1
B01268,D,night,799.7,90,13.31,0.64,647,24.6,161.5,0
B01389, D,night,905.4,90,9.17,0.76,997,22.3,179.2,1
B01253,C,day,880.1,150,8.67,1.44,"1,373",20.6,178.9,1
B00537,B,night,834.9,150,11.64,2.08,646,26.7,167.5,0
B00212,D,day,805.4,120,16.61,0.94,474,26.4,164.1,0
B00339,B,night,827.7,135,12.37,1.23,"1,140",25.1,164.3,0
B00714,D,night,836.1,105,10.22,1.37,876,22.3,174.5,1
B00562,A,night,847.2,90,11.63,1.72,"1,190",25.8,169.5,1
B00501,D,night,801.4,135,10.95,0.64,"1,203",22.4,163.5,0
B00956,A,day,889.6,150,12.66,1.14,"1,305",22.6,172.7,1
B00547,F,day,852.4,135,12.39,1.03,"1,107",23.8,177.1,1
B00460,F,day,848.1,150,7.76,1.24,726,22.9,181.5,1
B01335,f,night,866.0,90,11.75,1.67,927,25.6,176.5,1
B01361,E,night,890.6,120,13.83,1.51,643,27.0,178.8,1
B00127,E,day,860.2,150,11.51,1.15,668,24.8,180.1,1
B00644,D,day,810.1,135,13.83,0.74,803,24.5,169.9,1
B01022,d,night,863.6,135,11.84,1.08,"1,413",22.8,171.9,1
B01090,E,day,857.3,105,14.6,0.73,662,23.4,177.5,1
B00221,F,day,853.2,150,9.89,0.62,684,22.8,179.2,1
B00085,E,day,806.1,150,13.26,1.09,855,27.2,164.1,0
B00965,F,night,906.1,105,8.69,1.17,"1,272",26.0,179.5,1
B01081,D,day,852.2,150,13.04,-,754,22.0,174.5,1
B00736,A,night,870.0,135,7.42,1.55,606,24.8,178.7,1
B01174,E ,night,853.0,90,10.6,-,"1,218",25.5,175.2,1
B00398,a,night,834.7,90,13.57,N/A,333,21.7,172.5,1
B00534,D,day,807.4,120,13.89,0.49,423,24.7,167.7,0
B00322,B,night,845.7,90,17.92,1.18,588,24.6,170.4,1
B01043,C,day,855.4,150,9.16,0.97,"1,091",20.9,177.6,1
B00175,F,night,903.4,90,10.66,1.54,730,24.4,177.7,1
B00733,D ,day,839.2,150,9.73,0.77,"1,116",23.3,176.7,1
B00496,D,day,864.5,150,11.42,1.4,"1,222",27.9,175.5,1
B00431,C ,day,853.5,105,14.82,1.27,747,22.3,176.1,1
B00922,E,day,861.6,120,11.75,1.43,654,22.7,174.3,1
B00636,E,day,848.5,120,-,0.96,"1,194",26.9,173.8,1
B00658,B,day,874.0,90,13.56,1.35,"1,110",24.6,169.7,1
B00432,C,day,831.1,135,9.4,1.04,664,21.5,168.3,1
B00336,E,day,820.8,90,10.25,1.21,"1,210",24.0,166.3,0
B00422,f,day,845.0,105,11.27,1.48,"1,224",25.4,173.4,1
B01109,B,day,873.5,105,11.56,0.97,644,23.8,176.5,1
B01009,B ,night,858.3,105,11.24,1.18,989,23.8,176.9,1
B00150,a,day,847.4,135,12.41,1.4,461,23.1,171.9,1
B00873,F,night,806.3,105,16.03,0.97,865,18.5,164.6,0
B00276,E,night,873.6,135,11.67,1.28,880,999.0,178.3,1
B01350,E,day,874.1,135,11.6,1.52,935,23.1,175.6,1
B01276,E,day,780.2,105,-,N/A,"1,012",26.1,151.8,0
B00739,D,day,825.0,120,12.9,0.98,"1,342",23.0,166.4,0
B01260,A,night,850.9,150,11.0,1.19,761,24.9,174.2,1
B00206,E,night,802.1,135,11.85,0.65,944,26.0,163.3,0
B00983,D,day,860.9,90,12.8,1.21,19,20.7,178.2,1
B00785,a,night,855.1,150,17.24,1.0,"1,058",22.8,176.2,1
B01159, D,night,831.2,105,N/A,1.0,884,20.6,169.8,1
B00911,D,day,819.1,105,,0.94,575,22.5,166.8,0
B00574, F,night,821.0,105,13.36,1.4,"1,408",26.7,165.1,0
B00063,E,day,873.3,90,12.8,1.39,644,22.4,182.4,1
B00321,d,day,879.9,120,9.37,0.86,"1,168",25.5,180.1,1
B00935,B,day,882.9,135,17.02,0.89,651,20.9,180.1,1
B01071, F,day,873.6,150,12.24,1.6,609,23.2,179.1,1
B01270,A,night,892.7,120,9.86,1.32,661,21.5,174.0,1
B00344,B,day,850.2,90,15.08,1.63,754,24.0,170.6,1
B00087,B,day,891.8,90,13.56,0.87,"1,066",23.1,172.1,1
B00104,c,night,865.8,105,11.4,1.17,745,24.5,173.4,1
B01280,B,day,855.0,90,16.5,1.76,898,28.2,171.0,1
B01150,A,day,901.6,150,13.23,1.68,795,27.6,178.4,1
B00822,B,night,849.9,90,9.36,0.96,"1,487",24.8,168.3,1
B00001,C,night,879.2,120,,1.11,721,20.3,178.4,1
B01028,C,day,883.7,120,13.86,0.73,974,28.4,178.8,1
B01158,F,day,835.1,135,10.32,1.24,413,24.6,176.3,1
B00777,E,night,838.3,150,8.67,1.23,929,22.3,175.7,1
B01176,A,day,876.2,105,10.91,1.53,818,19.6,172.0,1
B00261,F,night,896.0,90,8.33,1.09,874,23.3,180.5,1
B00254,C,day,776.4,135,12.99,1.03,"1,008",25.8,154.1,0
B00558,A,night,845.8,150,13.27,1.21,679,27.7,177.2,1
B01316,c,night,927.8,120,10.24,1.53,611,26.4,177.2,1
B00645,F,day,815.5,90,12.19,1.51,591,25.0,164.1,0
B00155,A ,night,867.1,120,11.86,0.78,"1,331",22.8,175.3,1
B00210,E,night,880.0,135,14.44,1.27,807,22.8,178.6,1
B00960,F ,night,878.4,105,13.98,1.08,720,22.6,178.5,1
B00125,C,day,841.1,90,8.8,1.23,"1,003",21.3,174.8,1
B00805,D ,day,839.6,90,10.21,0.9,638,26.8,170.6,1
B00631,d,night,816.4,90,18.28,1.52,"1,282",26.3,160.8,0
B00663,B,day,844.8,105,10.81,1.07,908,24.2,171.4,1
B00443,D,day,851.2,120,11.21,1.43,734,27.2,178.0,1
B01273,C,night,897.5,90,10.93,0.85,778,25.9,176.9,1
B00744,A,night,787.3,120,12.12,1.34,819,23.0,156.2,0
B01302,A ,night,880.6,120,12.49,,20,23.9,180.8,1
B00388,D,day,933.8,105,N/A,0.82,"1,242",24.6,171.2,1
B00177,F,day,881.5,90,8.99,0.88,590,26.8,178.3,1
B01212,D,night,835.2,120,-,1.83,"1,476",25.3,167.2,0
B01127,A,night,846.4,135,8.76,0.89,747,20.9,176.7,1
B00704,B ,night,838.4,105,11.29,1.61,349,25.0,171.5,1
B01007,F,night,854.8,135,11.7,-,296,28.2,178.4,1
B00435,C,day,863.0,120,12.78,1.82,509,23.3,177.5,1
B00162,C ,night,903.1,120,12.64,0.64,621,23.4,184.8,1
B00309, B,night,814.3,150,11.23,0.93,"1,614",23.6,163.5,0
B00134,A,night,899.3,135,11.98,0.62,908,25.6,179.3,1
B00738,c,day,862.6,90,12.06,1.33,"1,028",22.5,174.4,1
B00684,a,night,829.6,120,13.0,1.03,"1,360",27.4,167.7,0
B00611,E,day,838.1,120,12.54,1.06,663,27.1,173.5,1
B00841,A ,night,918.2,135,8.82,1.66,985,22.3,175.1,1
B00124,B,day,832.7,90,11.66,1.74,"1,081",22.7,162.8,0
B00017,A,day,908.5,90,12.52,1.34,992,25.2,176.9,1
B00070,C,night,850.0,150,12.15,1.49,952,24.2,174.8,1
B01095,a,night,819.5,150,16.89,0.64,532,24.2,170.3,1
B00471,E,day,837.5,90,17.47,0.93,482,24.8,175.6,1
B01368,A,night,887.2,105,16.49,1.52,"1,132",23.3,175.1,1
B00650,D,day,859.5,105,12.74,1.2,"1,700",22.0,172.7,0
B00790,B ,day,880.8,135,15.15,1.18,"1,211",21.6,176.0,1
B01230,C,day,903.2,135,N/A,,325,25.0,183.1,1
B01222,C,night,844.5,150,9.85,1.34,23,21.0,176.9,1
B00521, D,day,871.8,120,13.49,1.41,390,26.2,179.0,1
B01124,D,day,865.6,105,9.26,1.0,"1,328",26.9,174.5,1
B00417,B,day,839.2,105,12.05,1.81,234,25.3,173.1,1
B00932,D,night,843.3,90,12.71,1.0,"1,029",26.0,173.5,1
B00555,b,night,820.9,105,8.85,1.25,"1,156",22.8,165.5,0
B00374,B,day,805.2,105,14.56,0.62,"1,208",25.3,162.7,0
B01309,C ,day,826.3,90,13.57,1.34,"1,280",24.9,166.9,0
B00845, E,day,856.7,90,8.43,1.43,876,22.8,176.3,1
B00966,C,day,804.4,150,11.46,1.52,393,24.3,164.8,0
B01258,D,night,839.6,135,13.53,1.19,"1,245",23.5,171.0,1
B00086,E,day,834.1,150,11.65,1.37,892,26.9,172.2,1
B00246,B,night,860.0,135,10.37,1.62,723,22.6,174.5,1
B00094,A ,night,870.0,120,12.84,0.96,800,21.4,176.3,1
B00831,B,day,889.5,90,-,0.88,"1,220",24.3,175.2,1
B01298,F ,day,901.2,150,12.34,1.43,397,23.6,180.7,1
B00219,c,night,848.1,105,13.43,1.28,389,23.3,177.2,1
B00028,D ,night,847.1,150,10.83,0.65,391,25.6,180.8,1
B01138,B ,day,837.4,105,13.55,1.04,976,22.6,167.9,0
B01310,a,day,930.0,150,9.7,0.8,873,999.0,172.1,1
B01073,D,day,863.7,105,13.34,0.68,"1,005",25.0,176.0,1
B00982,A ,night,843.0,150,12.04,N/A,"1,680",27.5,168.9,0
B01220,C,night,823.2,135,12.45,1.02,"1,022",27.6,170.1,1
B01259,A,night,791.4,105,14.42,0.91,540,24.1,156.8,0
B00377,A,night,798.9,90,15.65,1.51,"1,016",24.4,156.3,0
B00600,f,night,838.8,90,,1.53,"1,046",25.2,173.0,1
B00993,F,day,847.8,150,12.29,2.08,638,23.4,179.7,1
B00457,D,night,842.3,135,12.58,1.09,944,22.6,173.3,1
B00695,B,night,877.9,105,12.44,0.91,755,22.5,179.0,1
B00181,B,night,861.9,105,12.0,1.43,"1,656",22.8,172.1,0
B01137,F,day,833.2,105,15.09,1.4,"1,247",23.1,166.9,0
B00161,D,day,841.7,150,9.86,1.65,"1,086",22.3,175.1,1
B01139,C,night,820.6,120,14.27,1.6,"1,082",26.3,166.4,0
B00248,C ,day,839.9,105,N/A,0.6,299,24.9,177.0,1
B00463,A ,night,827.0,120,13.85,1.61,"1,055",27.3,166.1,0
B00532,F,day,851.1,90,13.89,1.35,903,25.7,171.3,1
B00117,a,day,856.2,90,N/A,1.56,468,22.0,170.6,1
B00642,d,day,886.5,150,8.16,0.98,489,22.0,182.0,1
B00041,f,day,832.3,90,12.48,N/A,"1,477",27.7,171.0,1
B00257,C,day,829.2,150,8.61,1.22,132,22.3,177.9,1
B00749, F,night,859.3,120,13.32,1.35,"1,296",23.7,175.7,1
B01039, B,night,855.9,105,5.13,1.51,"1,394",23.4,170.6,1
B00939, F,day,838.3,150,13.38,0.78,"1,105",25.6,176.8,1
B01244,D,day,855.1,135,12.88,1.64,875,26.5,174.3,1
B01115,B ,day,891.2,90,11.41,1.43,"1,151",19.6,172.2,1
B00556, D,night,823.4,90,15.42,1.17,"1,290",26.3,165.0,0
B00570,E,night,779.5,120,-,1.26,643,20.9,157.0,0
B00217,D,day,855.9,150,17.22,0.68,725,29.0,177.1,1
B00215,E,night,783.1,120,,0.59,399,23.6,161.1,0
B00683, E,day,861.6,150,10.8,0.61,"1,080",25.6,180.5,1
B00629,D,day,872.2,135,10.63,1.36,651,27.5,178.2,1
B00156,F,night,879.0,150,7.35,1.03,862,22.6,180.2,1
B00621,B,night,894.3,135,10.97,1.55,530,22.6,177.8,1
B00890,A,day,879.2,135,10.38,0.72,406,24.2,179.7,1
B00795,A,day,889.8,90,8.9,0.66,598,23.6,180.9,1
B01190,F,night,803.9,120,13.62,1.95,966,21.7,160.5,0
B01195,D,day,839.0,120,15.17,1.41,"1,359",26.3,168.5,1
B00365, C,night,838.7,105,12.14,1.48,"1,236",29.2,166.3,0
B01397,D,night,871.2,120,12.93,1.31,379,24.4,176.5,1
B00858,B,night,890.9,150,13.39,1.02,930,24.9,178.1,1
B00373, A,day,846.1,120,7.95,1.32,618,27.0,173.9,1
B00025,C,day,825.5,105,15.69,0.96,918,21.7,167.6,0
B00135,E,night,903.6,105,13.93,1.21,646,21.4,175.8,1
B00566,B,night,865.2,105,7.34,1.41,539,25.2,177.1,1
B01050, E,day,820.6,150,7.87,0.4,896,23.6,176.1,1
B01353, E,day,867.8,105,16.1,1.3,921,26.0,178.0,1
B01069,A,night,823.0,150,8.99,1.82,841,25.0,168.4,1
B01166,D,day,857.2,90,12.57,1.71,906,25.3,171.8,1
B00093,a,day,841.0,90,N/A,1.17,787,24.0,171.9,1
B00352,f,day,851.2,120,13.02,1.27,385,27.0,180.2,1
B00220,D,day,841.1,120,11.64,0.97,284,22.9,175.9,1
B00883,D,day,855.6,120,12.65,1.95,"1,400",22.3,171.6,1
B00225,D,night,864.2,90,11.38,1.13,598,23.7,176.6,1
B00778,A,night,843.4,150,12.86,1.58,309,26.5,170.6,1
B01004,B,night,837.4,150,N/A,1.71,429,21.3,172.5,1
B00584,B,night,827.0,150,10.78,1.93,"1,231",23.6,166.1,0
B01146,F,night,806.9,150,12.03,1.45,928,30.1,164.6,0
B01068,b,day,850.2,150,9.11,0.92,714,22.6,179.5,1
B00835,F,day,829.3,150,12.2,0.95,955,23.0,170.7,1
B01319,F,day,791.0,150,13.06,1.65,"1,539",23.2,154.8,0
B00541,F,day,844.4,105,10.31,0.75,968,19.4,175.2,1
B00383,F,day,871.1,150,11.39,0.86,325,24.4,182.0,1
B01278,C,day,836.5,105,12.28,0.97,180,21.3,174.6,1
B00786,C,night,883.5,105,13.39,1.09,"1,407",20.1,176.9,1
B01238,F,day,875.1,105,10.15,0.57,499,24.8,184.1,1
B00971,F,night,840.3,135,12.08,1.86,"1,316",23.0,172.5,1
B01001, C,night,827.5,150,12.08,-,950,25.3,173.3,1
B01351,F,night,813.6,150,12.69,1.15,732,23.0,170.4,1
B01034,B,day,805.8,135,13.83,2.44,904,25.4,161.5,0
B00853,E ,night,877.1,150,N/A,0.87,621,23.1,186.8,1
B00325,A,day,853.7,105,11.82,1.43,830,24.7,171.0,1
B01108,D,day,863.8,105,10.82,1.57,683,20.5,175.5,1
B00871,E,night,853.4,150,7.46,0.93,705,21.0,179.2,1
B01312, D,night,849.2,150,10.44,1.5,397,25.1,175.7,1
B00887, C,day,818.6,105,10.43,1.89,575,26.0,164.7,0
B01360,A,day,931.6,90,8.98,1.84,950,21.2,171.6,1
B00803,E ,night,822.0,135,8.61,N/A,730,26.1,173.1,1
B00951,A,day,850.7,90,9.89,1.1,240,22.9,174.6,1
B00100,F,day,908.4,120,11.93,1.3,"1,592",27.8,174.8,0
B01326,E,day,903.0,105,-,1.44,"1,300",23.4,175.7,1
B01343,E,night,792.2,105,13.08,1.03,886,27.5,160.7,0
B00420,E,night,784.2,90,13.59,1.18,939,25.9,152.7,0
B00308,E,night,876.3,90,13.08,1.61,978,19.5,176.7,1
B00607, B,day,876.1,120,9.71,,877,24.7,177.7,1
B00256,D,day,779.5,120,10.31,1.06,866,24.5,155.3,0
B01304,C,night,909.8,105,8.45,1.51,"1,005",24.9,177.3,1
B01237, B,night,852.4,90,8.64,1.85,690,24.1,171.9,1
B00925,D,day,893.8,105,9.83,0.9,229,23.2,181.2,1
B00475,E,night,778.9,105,12.64,0.64,"1,504",23.6,155.6,0
B00204,A,day,854.8,105,17.38,0.97,867,20.4,175.0,1
B00955,B,day,853.7,120,11.85,1.08,328,24.9,176.6,1
B00524, E,day,878.8,90,8.5,1.32,723,24.6,179.0,1
B00953,D,night,896.7,105,16.73,0.69,"1,298",24.4,171.9,1
B00726,D,night,858.8,105,9.97,1.59,899,24.8,176.5,1
B00034,F,day,838.8,135,11.15,0.69,511,26.7,180.0,1
B00759,C,day,823.3,135,11.65,1.16,852,22.4,168.0,0
B00083, D,night,829.3,105,10.62,0.93,880,21.5,176.1,1
B00171,B,night,816.9,105,10.47,-,638,23.3,165.9,0
B00653,D,night,834.7,120,13.35,0.68,397,25.2,175.5,1
B00194,F,day,917.1,105,8.8,1.24,776,25.1,176.5,1
B00281,E ,night,883.3,105,11.48,1.11,445,26.5,179.5,1
B00833,f,day,865.1,120,12.84,1.49,248,24.9,172.4,1
B01249,D,day,827.4,135,13.13,0.84,"1,292",22.8,170.0,1
B00326,C,night,808.8,150,11.98,1.26,587,20.3,165.6,0
B00734,D,night,853.2,120,11.16,1.83,528,25.0,173.4,1
B00625,D,night,789.8,135,13.94,1.12,"1,188",30.8,158.0,0
B00530,A,night,878.5,135,9.26,0.63,912,26.2,181.7,1
B00632,E,night,860.5,105,12.8,0.94,"1,181",20.5,177.8,1
B00743,F,night,850.5,90,13.35,1.12,760,20.6,175.2,1
B00884,B,day,888.9,150,10.31,0.53,770,24.7,179.9,1
B00102,c,night,865.5,150,16.87,1.47,979,19.9,172.8,1
B00522,E,day,821.3,120,12.55,1.28,"1,112",24.5,168.0,1
B00692,F,day,884.9,135,13.76,0.95,472,23.9,183.2,1
B00689,A,day,792.5,105,16.06,1.06,793,25.3,157.6,0
B00061,F,night,821.6,150,14.51,0.81,"1,508",23.6,169.3,0
B01147,A,day,834.0,135,14.45,N/A,"1,089",24.8,171.1,1
B01151,C,night,879.3,105,6.1,1.62,"1,192",25.1,174.7,1
B01199, A,day,894.5,105,13.88,1.69,"1,418",23.1,170.5,1
B00503,B ,day,838.4,90,11.88,1.97,171,23.5,170.5,1
B01184,D ,day,873.6,150,13.4,N/A,"1,378",22.8,176.0,1
B01035,F,day,816.1,105,12.3,1.53,929,24.8,166.7,0
B00586,D,night,805.8,120,10.6,0.41,"1,141",24.6,166.3,0
B00731,F,night,842.3,105,11.4,0.73,554,21.0,178.6,1
B00166,A,night,837.0,90,-,1.18,581,21.5,165.5,0
B00337,E,day,867.0,90,19.42,1.13,497,23.3,178.1,1
B01129,c,day,817.8,105,7.09,1.25,643,27.6,172.7,1
B00582,B,day,879.3,150,12.67,1.61,915,25.8,175.7,1
B01377,a,night,831.0,120,11.82,1.3,"1,372",26.8,170.4,1
B00452,E,day,845.8,105,12.52,1.32,899,21.9,170.8,1
B00825,F,day,853.8,120,13.8,1.88,"1,210",23.7,174.1,1
B00616,b,night,820.4,90,,1.27,"1,104",25.8,164.9,0
B01363,D,night,834.3,150,13.32,,815,21.3,173.1,1
B00267,A,day,899.0,120,7.45,1.24,645,22.3,179.8,1
B00816,A,day,866.8,90,7.03,1.22,56,23.8,182.0,1
B00958,c,night,861.3,90,10.57,1.29,684,22.7,174.2,1
B00899,B,night,820.6,105,12.92,1.22,350,22.8,169.7,1
B00141,D,night,882.4,150,11.77,0.79,483,22.2,185.5,1
B00483, E,day,845.2,135,15.09,1.1,346,24.7,176.6,1
B00332,E,night,840.5,120,11.03,0.85,"1,304",24.3,173.9,1
B00770,f,day,858.3,150,14.46,0.59,"1,020",23.2,176.1,1
B00967,A,day,864.4,135,11.81,1.11,"1,221",24.2,174.1,1
B00641,E ,day,874.3,90,9.47,1.42,711,25.3,174.4,1
B01325,f,night,825.8,135,11.78,1.46,"1,315",21.5,168.6,1
B01340,A,day,836.0,150,12.3,1.28,875,25.0,172.5,1
B01172,E ,night,823.9,150,12.74,1.29,"1,022",23.7,172.2,1
B00567,A,day,859.3,135,13.35,1.15,638,24.1,176.2,1
B01239,D ,night,881.9,120,11.11,1.25,"1,666",27.3,173.8,0
B00366,A ,day,805.9,90,-,1.29,646,21.2,164.1,0
B00590,d,day,844.9,150,12.47,1.4,319,25.4,175.3,1
B00619,E,day,877.4,120,11.48,1.56,867,20.1,174.9,1
B00779,D,day,829.2,105,13.94,0.82,585,20.6,166.7,0
B00729,D,day,811.9,120,9.75,1.11,"1,008",23.1,165.2,0
B00594,F,night,888.8,120,N/A,1.01,499,29.5,181.2,1
B01132, E,night,865.0,90,12.26,1.03,"1,007",24.3,172.7,1
B01223,E,day,882.7,150,14.29,,643,27.0,175.9,1
B00940,A,night,857.5,105,14.2,1.54,870,24.7,170.1,1
B00318,E,day,826.4,135,8.06,-,"1,142",27.2,172.7,1
B00072,C,night,832.1,105,11.54,1.69,971,23.9,168.4,1
B00023,D,day,826.0,150,8.76,1.59,"1,092",20.8,168.8,1
B01023,B,day,837.4,105,9.61,1.11,772,28.6,170.7,1
B00908,D,day,888.5,135,8.46,0.51,"1,534",26.0,175.1,0
B00757,E ,night,900.6,150,14.73,1.15,788,25.3,178.7,1
B01191,C,night,837.0,105,11.82,0.94,858,24.7,172.4,1
B01392,a,day,783.9,105,14.89,0.83,"1,525",22.9,147.8,0
B01297, B,day,833.7,120,11.46,1.71,564,21.5,167.3,0
B00614,E,day,881.2,150,9.14,0.84,"1,597",25.4,177.1,0
B00421,E,night,852.5,90,7.35,1.24,822,24.7,175.1,1
B00540,A,day,866.0,120,13.64,1.28,"1,093",27.9,175.2,1
B01204,E,night,845.8,105,8.53,1.09,383,23.7,178.0,1
B01289,A ,day,888.9,105,14.39,1.97,481,23.0,170.5,1
B01026,E,day,813.8,90,14.1,1.15,781,21.0,166.1,0
B00356,C ,day,795.6,105,14.32,0.87,340,28.1,163.6,0
B00723,B,day,864.3,135,11.78,1.55,725,22.6,176.1,1
B01141,F ,day,834.4,150,14.85,1.48,817,26.2,170.5,1
B00516,F ,day,838.2,135,15.4,0.92,728,24.3,173.6,1
B01296,C,day,857.2,135,14.8,1.24,961,28.5,172.7,1
B01208,D,night,862.1,90,10.83,1.32,626,21.4,177.2,1
B00022,E,day,871.4,90,5.93,1.55,433,23.9,179.8,1
B00603,A,day,884.9,105,12.45,1.37,457,20.5,174.8,1
B00160, A,day,852.1,105,10.69,1.07,"1,363",21.8,174.7,1
B00730,d,night,888.6,105,13.48,1.57,532,24.0,177.1,1
B01018,C,day,878.4,135,12.3,1.22,642,22.8,181.0,1
B00400,C,day,877.2,105,13.14,1.25,310,24.2,183.9,1
B00236,A,night,812.8,105,9.92,0.92,624,24.1,163.7,0
B00572,E,day,812.5,90,12.52,1.64,898,25.4,165.2,0
B00335, B,night,874.1,120,15.21,1.73,602,22.2,170.9,1
B00609, D,night,852.3,120,17.06,1.04,552,25.0,180.7,1
B01391,A,day,836.3,120,9.83,1.43,632,24.7,173.1,1
B00358, E,night,774.8,150,11.53,1.2,828,20.8,154.8,0
B01324, E,night,847.0,105,10.77,1.23,592,18.9,177.4,1
B00404,A,night,836.1,105,10.09,1.0,712,23.5,172.8,1
B01266,A,night,850.2,150,10.8,1.78,879,23.0,172.0,1
B01062,B,day,845.9,135,15.31,-,"1,105",22.2,169.8,1
B00331,D,day,834.8,135,12.34,0.85,931,22.8,173.3,1
B01355,B,night,839.6,90,14.33,0.85,558,22.5,173.4,1
B00004,F,day,862.4,90,12.68,1.37,"1,065",23.9,176.1,1
B01170,E,night,806.1,105,12.18,-,158,26.1,163.9,0
B00340,B,night,867.3,135,8.92,0.74,366,25.7,182.3,1
B00296,A ,night,804.3,120,11.97,1.16,831,27.1,163.2,0
B00665, F,night,817.0,105,8.66,N/A,871,999.0,169.2,1
B00559,D,day,820.5,150,10.14,1.8,779,26.0,169.3,1
B00012,D,night,869.4,150,8.13,1.13,591,26.5,179.8,1
B01047, F,night,828.5,120,18.32,0.9,833,21.6,174.0,1
B00201,a,day,841.2,105,13.4,0.94,480,25.0,170.1,1
B00685,B,night,897.2,135,8.35,2.51,233,23.8,177.6,1
B00598,F,day,827.5,135,13.72,N/A,929,22.5,171.4,1
B00810,C,day,842.5,90,11.35,0.54,"1,098",24.5,173.8,1
B01169,C,day,841.8,135,13.32,1.41,"1,012",24.1,172.2,1
B00487,C,night,857.8,105,10.6,1.04,433,27.6,178.3,1
B00428,C,day,816.2,150,13.92,0.91,"1,002",23.5,168.9,1
B01283,B,day,831.6,150,14.07,1.43,50,27.8,170.6,1
B00233,D,night,871.2,150,12.72,-,"1,426",25.9,177.2,1
B01000,B,day,810.3,90,10.58,0.91,362,28.0,168.0,1
B01284,b,day,897.4,90,11.3,1.39,599,25.3,175.0,1
B01021, F,night,895.2,90,12.45,1.1,"1,247",24.1,177.2,1
B01167,E,night,808.7,135,-,0.98,515,22.4,171.3,1
B00826,C ,day,857.4,120,13.81,1.67,510,22.7,177.7,1
B00118,A,day,895.6,90,15.2,1.4,9,24.3,176.5,1
B01346,F,day,856.5,90,10.58,1.67,972,24.0,173.9,1
B00076,C,night,907.8,150,12.55,1.3,56,21.3,186.6,1
B00876,F,day,855.6,150,16.44,1.33,981,24.4,174.8,1
B01155,E ,night,858.4,90,14.19,N/A,978,23.8,176.1,1
B01282,D,day,850.4,90,11.0,0.87,124,25.3,177.9,1
B00545,D,day,827.0,135,15.25,1.01,"1,231",25.1,165.1,0
B01281,C,night,799.5,135,14.08,0.41,567,20.8,164.3,0
B00525,C ,day,847.6,105,N/A,1.23,671,22.6,176.1,1
B00095,f,day,878.3,135,15.22,1.05,777,21.8,178.2,1
B00114,F,day,868.7,120,10.98,0.64,"1,065",22.9,177.3,1
B00929,D,day,874.3,90,13.68,0.91,"1,185",28.4,174.3,1
B01295,C,day,910.6,90,14.76,0.94,804,23.6,174.6,1
B00486,A,night,814.6,105,10.46,1.02,420,23.3,165.2,0
B00293, E,night,819.5,135,N/A,0.84,"1,191",24.6,170.2,1
B01161,b,day,838.6,105,11.89,0.8,678,26.2,172.3,1
B00920,F,day,882.3,150,8.7,0.92,740,23.6,183.2,1
B01114,B,night,847.3,150,11.71,0.85,772,26.7,175.6,1
B00799,B ,day,837.1,90,14.62,1.48,"1,352",19.9,163.5,0
B00053,a,night,834.1,90,11.79,N/A,755,21.4,169.6,1
B00897, F,day,797.7,135,8.38,0.64,498,23.8,164.4,0
B01255,F,night,831.7,120,12.37,0.94,"1,375",24.0,170.6,1
B01031,D,day,837.2,120,10.9,0.77,916,25.4,172.5,1
B01036,A,day,806.2,120,14.51,1.27,667,19.9,161.6,0
B00101,B,night,866.9,135,15.7,1.04,974,21.4,173.3,1
B00389, E,day,860.6,135,9.56,0.79,719,23.5,184.9,1
B00316, F,night,875.9,135,9.63,1.18,"1,005",19.5,178.7,1
B01154,F,night,804.2,105,13.15,0.86,"1,504",19.7,160.1,0
B00382,c,day,880.6,105,15.03,1.0,595,21.5,175.7,1
B01145,A,day,837.8,120,7.17,1.1,923,26.4,171.2,1
B00735,B ,night,806.5,105,11.88,0.64,263,999.0,167.0,0
B01277,E ,day,825.6,105,12.42,1.35,"1,248",24.1,167.7,0
B01229,A,night,876.8,105,-,1.11,910,24.8,176.5,1
B01005,F,night,820.0,90,14.46,1.35,623,22.6,164.1,0
B00973,B,day,844.4,105,12.92,1.63,"1,253",21.5,167.9,0
B00544,D,day,844.8,90,11.33,0.99,587,18.0,175.2,1
B01030,B,night,891.4,150,11.28,1.24,475,25.2,179.9,1
B00009,D ,day,876.6,135,12.76,1.78,817,21.2,172.9,1
B00867,C,day,873.3,150,12.03,0.96,888,23.4,179.0,1
B00077,B,day,817.4,150,16.07,1.46,465,23.1,168.7,1
B00476,F,night,840.6,135,10.38,1.53,"1,100",23.7,170.8,1
B00673,D,night,879.4,90,14.42,0.95,801,29.0,174.6,1
B01083,A,night,835.2,105,13.67,1.48,"1,171",24.0,169.5,1
B01173,a,day,858.2,105,-,-,992,23.5,177.4,1
B00078,B,day,878.5,120,14.6,0.97,931,24.2,176.0,1
B00793, B,night,848.7,105,15.51,1.46,"1,050",24.1,174.6,1
B01067,D,day,871.4,90,10.0,1.01,625,21.5,175.4,1
B00855,B,day,850.1,135,16.92,1.32,251,24.9,173.6,1
B01053,C,night,832.0,90,9.73,0.88,807,21.5,171.5,1
B01082,D,day,846.8,90,12.14,1.03,702,21.0,174.7,1
B00794,D,night,814.1,135,12.16,0.8,800,23.9,169.4,1
B00024,E,day,841.3,150,13.49,1.22,"1,243",22.4,174.2,1
B00242,F,day,887.9,150,-,1.25,"1,144",24.1,174.9,1
B00800,a,night,856.1,135,,1.2,"1,015",999.0,181.1,1
B01118,F,night,898.2,120,16.78,1.6,838,25.3,173.6,1
B00441,D,night,850.3,150,12.45,1.06,289,24.7,177.2,1
B00357,A,night,830.2,90,13.12,0.92,552,24.4,170.4,1
B01207,D ,day,821.2,135,10.2,1.33,845,22.9,168.4,1
B00771, C,day,836.2,105,8.94,0.86,"1,035",19.2,174.4,1
B01348,C,day,836.5,150,9.86,1.2,801,22.0,175.6,1
B01248,D,day,825.0,120,,1.31,994,25.3,168.3,1
B00596,C,day,881.1,150,11.47,0.41,840,23.5,185.1,1
B00975,B ,day,811.6,120,16.52,0.77,115,24.7,164.9,0
B00539,F,day,848.4,135,7.91,1.27,"1,406",19.9,176.5,1
B01254,A,day,831.8,120,7.18,0.99,692,25.5,171.4,1
B00048,A,night,875.5,135,-,1.32,604,26.4,176.9,1
B00842,c,day,893.3,90,10.9,1.1,"1,166",24.0,171.9,1
B01252,A,night,789.6,150,14.68,0.67,952,26.3,156.5,0
B00351,B,day,870.7,90,16.54,1.33,470,23.7,178.1,1
B00450,A,day,822.4,105,15.06,1.11,933,23.4,167.2,0
B01010,E,night,867.9,120,6.2,1.15,555,27.4,181.7,1
B00737, D,day,770.0,90,11.95,0.87,522,27.1,154.8,0
B00315,F,day,870.0,120,12.07,1.27,717,20.4,181.4,1
B00103,E ,night,820.2,120,8.05,1.21,326,24.6,173.2,1
B01374,F,day,894.0,150,10.68,0.7,793,26.4,179.9,1
B01257,C,day,822.8,120,,1.11,"1,143",999.0,169.1,1
B00317,F,night,850.8,90,9.53,1.15,724,23.3,175.2,1
B01384,C,day,842.7,135,15.14,1.09,880,25.4,169.6,1
B00500,B,day,839.3,105,10.95,1.33,750,27.5,170.7,1
B00865,C,night,845.7,120,13.4,0.85,"1,131",23.2,178.6,1
B00674,A,night,838.9,120,15.12,1.26,715,20.5,171.5,1
B00797,A,night,861.7,150,14.87,1.24,929,22.9,175.8,1
B00528,C,day,838.9,120,16.56,1.21,379,25.0,173.5,1
B00089,E,night,862.3,90,,1.6,598,19.2,174.7,1
B00499,a,day,796.1,135,8.24,1.32,"1,344",23.8,156.1,0
B01219,D,night,847.0,135,8.81,1.07,919,22.7,178.0,1
B00108,D,day,823.6,135,12.71,1.06,638,25.9,168.9,1
B00722,E ,day,885.7,150,13.08,1.67,974,21.2,181.0,1
B00091,d,night,879.4,135,12.28,1.75,781,24.2,174.4,1
B00401,F,day,860.9,105,10.7,0.99,752,23.1,177.9,1
B00410,C ,night,854.4,90,10.06,0.86,"1,413",25.8,177.0,1
B00917,C,night,870.0,135,6.61,1.26,"1,406",21.7,173.3,1
B01332,E,day,859.9,135,9.84,0.74,373,27.5,186.1,1
B01362,B,night,883.9,120,9.72,1.33,"1,054",27.0,173.9,1
B01016,B,day,881.7,120,,0.92,666,24.0,177.6,1
B00750,a,day,849.8,105,11.77,1.02,505,21.4,174.1,1
B00274, C,night,846.6,90,14.84,1.63,806,21.5,171.9,1
B00021,E ,day,837.4,120,14.6,1.38,"1,177",22.9,174.2,1
B01227,F,night,883.0,135,13.48,0.74,"1,424",24.9,178.6,1
B00901, F,night,873.7,120,11.17,1.19,852,25.6,179.7,1
B01197,B,night,875.0,105,12.08,0.96,604,21.7,170.6,1
B00314,F,night,837.2,135,13.01,1.65,"1,059",23.5,168.2,1
B00976,F,night,843.4,90,10.38,1.61,894,23.7,170.6,1
B01394,B,night,788.3,135,11.51,0.85,774,25.8,155.8,0
B01381,A ,day,848.4,150,12.01,1.19,"1,141",25.6,173.4,1
B01234,A,day,867.5,90,11.12,0.98,961,22.8,172.5,1
B00253,D,day,810.1,120,11.46,1.31,755,21.3,164.8,0
B00096, F,night,891.4,120,15.05,N/A,947,25.9,176.0,1
B00082,D,night,850.5,120,11.0,1.48,750,28.0,173.5,1
B01148,D,night,882.3,105,9.3,1.43,"1,086",24.7,177.1,1
B01250,D ,day,897.6,120,16.26,1.52,"1,079",24.0,171.6,1
B00169,A,night,902.2,90,-,1.01,"1,164",23.1,172.2,1
B01032,C,day,801.2,105,14.56,1.12,904,25.2,158.2,0
B00454,F,day,826.7,90,8.1,1.41,857,22.8,170.9,1
B00027,E,night,815.4,135,13.87,1.46,924,22.3,168.5,1
B00407,D ,day,844.8,120,11.6,1.86,"1,078",24.9,169.8,1
B00747,D,day,836.4,105,11.59,0.81,676,26.7,174.4,1
B00783,D,day,857.0,90,,1.23,862,21.7,175.8,1
B00711,B,day,816.9,105,-,1.12,953,22.3,168.4,1
B01144,E ,day,887.4,105,12.16,1.35,"1,137",25.4,172.5,1
B00691,A ,day,869.1,150,10.76,0.97,484,24.3,179.3,1
B00549,f,night,885.7,90,14.45,1.37,590,22.2,176.4,1
B00604,A,day,878.3,150,11.92,0.78,"1,153",29.7,178.7,1
B01331,D,night,889.3,150,9.33,1.5,"1,191",24.4,178.9,1
B00147,b,day,813.4,105,8.63,1.19,"1,511",26.0,160.7,0
B00234,B,day,832.8,90,13.18,0.48,300,25.1,175.9,1
B01370,F ,day,850.6,150,15.9,1.79,"1,531",22.3,168.3,0
B00259,D,day,870.5,90,12.62,1.66,603,23.2,175.1,1
B00385,D,night,882.8,105,,1.86,965,25.1,174.8,1
B01056,F,day,862.9,105,9.45,1.22,827,24.6,180.1,1
B00678,B,night,917.7,150,7.97,1.39,702,22.1,177.7,1
B01105,F,day,895.3,90,13.02,1.31,"1,110",25.9,176.9,1
B00384,F,day,856.8,120,15.77,1.07,954,23.5,175.8,1
B00882,F ,night,860.9,120,15.71,1.05,"1,594",23.7,176.7,0
B00657,F,night,866.9,105,14.33,0.59,"1,280",20.8,178.2,1
B00713, F,day,801.0,90,10.01,1.71,984,25.5,161.6,0
B00686,D,day,809.1,135,12.65,1.0,362,23.7,168.3,1
B01088, F,day,851.9,135,14.36,1.15,860,24.6,176.2,1
B00577,F,night,811.7,120,13.01,0.76,957,22.8,166.8,0
B00268,C,night,850.1,120,16.24,0.84,"1,268",25.6,172.9,1
B00581,A,night,859.8,135,11.23,1.63,998,23.7,174.7,1
B00571,F,day,840.6,120,7.77,0.76,551,25.1,178.9,1
B00776, D,day,897.4,90,12.47,1.21,"1,526",20.2,174.2,0
B01064,C,day,846.3,120,N/A,0.99,713,23.7,174.3,1
B00035,E ,night,827.3,150,11.03,0.7,618,26.1,178.2,1
B00211,E,day,848.6,135,11.99,1.11,"1,153",28.7,176.4,1
B01251,d,day,864.0,150,14.26,0.63,"1,263",22.5,176.7,1
B00137,E,night,819.4,105,,1.2,"1,508",23.8,166.0,0
B00923,C,day,837.6,90,8.43,0.59,599,23.9,175.1,1
B01341,E,night,864.8,150,10.83,1.9,"1,038",24.7,179.6,1
B00592,E,night,862.4,120,8.67,1.08,165,22.0,180.9,1
B00334,F,day,844.1,135,13.07,1.27,710,27.7,178.4,1
B00834,D,day,807.9,150,11.08,1.8,"1,529",26.5,162.1,0
B00818,A,night,886.7,150,5.79,1.32,460,22.0,180.2,1
B01365,A,night,882.3,150,9.16,1.44,"1,015",20.9,178.8,1
B00285,C,day,829.4,135,13.67,-,633,25.1,172.3,1
B00761,A,day,836.2,105,-,,412,24.5,172.6,1
B01279,C,day,881.4,150,9.28,2.14,388,27.2,180.7,1
B00610,d,day,876.3,120,11.29,1.78,848,23.7,173.8,1
B00419,E,day,848.3,105,15.63,0.75,"1,088",21.9,175.1,1
B00474,B,night,870.6,135,12.0,0.81,333,21.9,176.7,1
B00715,E,day,848.0,120,13.07,1.27,"1,167",24.3,172.2,1
B00216,D,day,867.9,120,8.1,1.36,895,25.6,181.7,1
B01140,C,night,826.3,150,10.26,-,"1,763",24.0,170.8,0
B00059,A ,night,819.3,90,8.75,1.48,258,21.7,165.9,0
B00271,d,night,820.4,90,14.91,-,"1,570",25.3,167.9,0
B00105,b,night,884.7,105,11.89,1.28,"1,104",24.4,173.1,1
B00811,B,day,820.6,150,11.49,0.44,555,27.2,167.9,0
B00513,f,night,864.4,120,13.03,1.39,919,18.3,176.4,1
B00044,A,day,813.6,150,10.63,1.16,949,22.6,170.4,1
B00180,b,night,860.5,135,-,1.5,"1,038",24.0,176.2,1
B00313,a,day,825.6,120,14.59,1.63,"1,055",23.9,167.7,0
B00030, C,night,860.1,150,13.0,0.92,758,24.7,180.4,1
B00839,C,night,872.5,90,12.44,1.78,771,23.7,170.0,1
B01323,F,day,839.0,120,12.68,0.91,"1,102",23.1,174.8,1
B01187,E,day,824.8,90,9.57,1.14,953,25.0,166.6,0
B00718,C ,night,880.6,135,11.9,1.49,915,21.9,177.0,1
B00478,B,day,845.2,135,8.14,,543,24.6,175.7,1
B00158,F,night,851.7,135,11.72,2.01,461,27.5,171.3,1
B00188,A,day,877.3,105,8.7,1.08,871,25.4,174.4,1
B01093,a,night,880.8,105,16.03,1.06,718,24.3,177.1,1
B01175,F,day,886.1,90,9.9,1.3,"1,264",24.3,177.0,1
B00756, C,night,794.5,105,8.65,0.9,175,19.2,163.7,0
B00782,A ,night,864.8,120,10.45,0.67,"1,018",25.7,176.4,1
B00007,F,day,851.8,105,11.61,1.57,"1,036",24.1,171.3,1
B00889,C ,night,838.4,135,9.05,1.23,"1,250",23.7,168.8,1
B00139,D,night,874.2,105,N/A,1.4,"1,250",28.2,175.0,1
B00423,E,day,859.5,120,N/A,1.06,"1,534",23.8,176.5,0
B01085,E,day,880.1,150,12.23,0.74,"1,425",23.2,178.2,1
B01262,E,night,862.2,135,12.11,1.06,597,20.9,175.7,1
B00781,E,day,885.4,135,13.13,1.4,"1,195",28.0,176.2,1
B01128,F,night,845.7,135,13.77,0.92,897,24.4,181.5,1
B01070,B,day,852.4,90,14.87,1.59,898,24.2,168.9,1
B00671,f,day,821.6,150,10.87,0.6,874,22.7,172.4,1
B00243,E,night,929.8,135,11.11,0.66,"1,052",27.4,182.6,1
B00126,E,day,806.7,105,,1.18,611,21.3,161.1,0
B00578,C ,day,847.7,135,11.68,0.84,167,26.9,177.6,1
B01211,E,day,841.8,150,13.95,0.99,212,23.7,178.7,1
B00196,C,night,885.4,90,11.06,1.23,477,19.7,179.3,1
B00260,F,night,863.4,120,8.24,1.01,"1,323",22.6,178.1,1
B01163,D,night,818.3,135,10.78,1.33,491,22.8,172.1,1
B00588,A,day,822.7,90,10.0,1.57,905,25.3,166.6,0
B00238,D,night,816.2,105,16.3,1.09,924,27.3,165.9,0
B00265,A,night,885.2,150,15.14,1.19,607,21.8,175.5,1
B00693,A,day,890.1,105,,1.15,665,20.8,176.1,1
B01049,A ,day,822.6,150,10.1,1.09,758,28.3,169.9,1
B00622,E,day,816.4,90,9.89,0.97,961,25.8,170.1,1
B01313,B,night,842.4,135,7.99,-,"1,358",23.1,169.6,1
B01202,a,day,834.6,105,9.91,1.38,"1,047",25.7,166.2,0
B00042,E,day,861.5,135,-,0.95,568,27.3,183.3,1
B01181,F ,night,903.3,150,10.48,1.03,937,20.5,179.7,1
B00495,E ,day,838.0,90,15.68,0.79,"1,363",21.8,171.6,1
B00184,f,night,838.8,150,N/A,0.73,488,27.2,176.7,1
B00520,E,day,825.3,120,10.47,1.83,447,23.3,167.9,0
B01015,B,night,897.6,105,13.73,1.69,460,21.7,172.2,1
B00506,B,night,836.7,90,12.73,1.79,"1,118",23.1,168.8,1
B00292,C,day,878.7,105,10.79,1.23,"1,053",23.3,176.4,1
B00439,D,night,890.8,105,12.15,1.39,"1,499",21.1,174.4,1
B01275,b,day,846.1,105,10.32,1.07,825,28.3,172.4,1
B01186,C,night,820.7,120,11.55,1.36,783,24.1,165.1,0
B00564,E,night,872.0,150,11.46,0.64,532,29.3,181.7,1
B00111,f,night,815.9,90,14.11,0.79,"1,080",24.3,164.6,0
B00915,F,day,859.3,150,9.37,1.16,627,25.8,184.2,1
B01110,B,night,842.0,120,11.58,0.64,851,30.3,176.0,1
B00342,E,day,854.7,105,12.27,0.7,214,22.4,183.9,1
B01054, F,day,853.3,120,15.69,1.95,835,28.5,174.2,1
B01193,B,night,812.9,150,13.26,1.38,354,22.5,167.9,0
B00430,F,day,881.5,90,12.64,0.86,534,19.3,180.0,1
B00258,F,day,814.2,120,8.0,1.65,854,18.4,169.6,1
B00637,C ,day,842.7,120,10.16,1.19,762,24.5,181.3,1
B01133,C,day,859.5,150,12.2,0.87,657,26.9,178.3,1
B00353,B,night,831.6,90,10.75,0.74,325,999.0,171.1,1
B00721,d,night,806.6,150,10.0,1.39,962,21.4,161.7,0
B00232,A,night,888.8,150,14.5,0.71,"1,176",23.6,177.3,1
B01058,E,day,805.4,150,15.39,1.81,371,24.8,166.4,0
B01156, E,day,862.6,90,-,0.99,680,27.3,175.8,1
B00425,E,day,834.1,90,13.59,1.69,"1,422",15.9,166.5,0
B01038,D,night,866.3,120,8.31,1.11,351,20.0,179.7,1
B00394,F ,day,842.9,90,12.23,1.54,655,22.9,167.9,0
B00176,C,night,831.9,150,13.29,1.45,606,23.9,173.4,1
B00266,e,night,870.1,90,10.25,1.71,"1,641",23.9,171.1,0
B00583,C ,night,812.6,135,12.01,1.48,976,22.4,162.8,0
B01387,f,night,837.4,90,12.8,1.04,696,22.9,168.4,1
B00429,F,day,862.9,135,10.95,1.07,586,22.9,179.8,1
B00262,A ,day,816.7,105,14.3,0.69,763,25.1,163.8,0
B00732,E,day,914.3,135,16.77,0.74,976,24.8,175.2,1
B00767,D,day,857.8,150,16.57,1.26,"1,291",23.6,174.1,1
B01354,F,day,835.6,90,12.59,1.07,"1,711",21.0,167.5,0
B01400,C,day,835.5,120,12.97,1.81,578,25.6,170.9,1
B00269,C,day,787.4,135,9.66,,869,27.3,158.7,0
B01059,F,night,845.3,105,9.55,1.17,373,21.7,175.6,1
B00648,F,day,807.9,90,13.95,1.25,"1,344",21.6,162.7,0
B00473,F,night,888.4,135,12.19,1.19,594,29.7,180.6,1
B00467,e,day,910.1,150,-,1.58,784,25.4,177.6,1
B00214,A,day,843.2,150,12.7,1.34,677,27.1,173.1,1
B01271,c,day,837.4,135,11.53,1.83,901,21.3,170.0,1
B00200,F ,day,847.4,90,13.23,1.76,943,24.6,168.7,1
B00033,d,night,837.3,135,12.25,1.1,628,25.2,177.0,1
B00172,C,day,888.0,150,12.3,1.77,"1,101",23.5,180.2,1
B00903,d,night,820.4,120,11.67,1.72,931,27.1,167.1,0
B01336,B,night,827.4,120,8.96,0.61,767,26.7,166.3,0
B01386,E,day,896.7,105,12.29,0.75,723,25.1,181.8,1
B00058,E,day,845.0,135,9.12,0.62,263,22.3,181.0,1
B00702,D,day,867.5,150,11.88,1.01,586,22.6,176.9,1
B00944,E,day,833.9,150,13.87,0.45,859,24.8,174.2,1
B00263,E,night,847.2,135,11.99,1.26,"1,101",24.3,176.6,1
B00996,F,day,848.9,135,-,1.49,"1,018",24.2,175.4,1
B00991,E,night,813.0,120,11.67,1.23,516,21.9,166.0,0
B00895,E,day,896.7,135,,1.24,"1,207",22.1,177.3,1
B00830,C,day,841.5,135,11.4,1.0,"1,066",24.0,174.9,1
B00985,C,day,835.7,105,12.89,0.63,667,22.3,173.5,1
B00068,D,day,826.5,120,11.9,1.44,921,23.9,167.7,0
B01165,B,day,855.4,90,7.92,0.81,"1,301",24.5,174.8,1
B00620, E,day,837.5,105,14.96,0.75,980,27.7,169.6,1
B00019,D,day,821.8,150,5.71,0.79,"1,125",21.5,168.9,1
B00548,C,day,861.7,120,12.11,1.42,942,24.5,173.9,1
B00330,D ,day,811.1,150,11.42,1.5,"1,165",24.0,162.8,0
B00740,D,day,862.7,105,13.13,1.86,988,25.1,173.8,1
B00878,E ,night,814.9,120,10.79,1.14,916,26.9,167.4,0
B00617,D,day,853.1,105,14.36,0.93,"1,491",21.5,173.3,1
B00762,B,night,847.7,120,13.19,1.24,"1,155",26.3,171.1,1
B00601,B,day,865.3,120,8.7,1.19,630,27.2,177.9,1
B00418,B,night,831.8,105,9.19,0.76,664,27.4,167.6,0
B00963,A ,day,915.7,150,15.04,0.87,"1,161",22.6,175.9,1
B00395,B,day,876.7,135,11.45,-,"1,018",27.4,173.5,1
B01261,E,day,880.8,150,-,1.36,803,24.5,183.0,1
B00300,B,day,802.4,135,14.66,1.18,181,21.9,162.5,0
B00741, F,day,869.6,120,5.76,0.8,258,25.2,185.5,1
B01131,C,night,840.7,90,18.13,0.96,388,25.5,173.9,1
B00698,f,night,870.1,135,9.21,0.78,629,21.6,180.8,1
B00533,B,night,893.6,120,11.5,0.72,624,23.4,179.1,1
B00647,E,night,846.6,150,15.2,1.16,"1,098",23.6,177.0,1
B00092, F,day,856.6,90,12.56,0.76,539,27.3,177.1,1
B01075,E,day,827.3,90,9.42,1.26,"1,052",23.4,172.1,1
B00679, B,night,814.5,150,10.72,1.0,"1,004",23.7,164.6,0
B00195,b,night,838.5,105,11.03,1.1,"1,593",23.5,166.1,0
B00827,d,night,866.9,120,10.7,1.13,849,20.6,175.3,1
B01179,A,day,851.4,105,10.53,1.41,535,21.0,175.7,1
B00712,E,night,847.1,105,5.06,1.29,"1,414",21.7,171.2,1
B00851,B,night,895.3,105,13.05,0.96,839,21.7,177.6,1
B00381,C,night,846.4,90,16.09,1.49,444,21.9,173.2,1
B01029,f,night,850.2,105,5.09,0.99,"1,337",22.9,175.5,1
B01017,F ,night,831.4,105,13.74,1.58,332,21.9,169.0,1
B00626,C,day,879.1,150,11.22,1.76,237,24.0,181.0,1
B00202,A,night,888.9,105,10.71,1.23,"1,211",22.8,175.9,1
B01136, D,day,831.4,120,12.05,1.2,921,24.8,167.6,0
B00792,b,day,845.9,120,10.65,1.38,580,21.6,169.4,1
B00067,A,night,870.3,135,7.97,1.28,662,23.5,178.6,1
B01020,C,night,863.0,120,10.78,1.13,739,23.6,178.3,1
B01102,A,day,825.6,90,10.47,0.96,511,25.9,169.6,1
B00553,E,day,847.4,150,13.25,1.78,704,25.2,171.4,1
B00163,B,day,814.5,135,13.05,1.55,719,23.9,160.4,0
B00283,F,day,850.9,90,14.8,0.89,538,22.9,177.0,1
B00998,d,day,811.8,105,11.75,1.26,981,21.6,165.8,0
B00324,D,night,843.3,90,13.69,1.39,331,26.0,173.1,1
B00151,F,day,873.8,150,9.51,1.53,"1,005",28.9,179.2,1
B00197,E,day,887.4,105,10.52,0.95,"1,157",22.6,177.9,1
B00444,B,day,836.9,90,8.35,1.14,764,23.1,170.4,1
B00378,A,day,825.7,90,,0.76,988,23.8,167.2,0
B00862,C,day,908.4,120,14.61,0.92,954,28.3,175.6,1
B00159,A,day,848.0,150,12.84,1.68,585,23.1,174.6,1
B00807,C,day,885.9,105,7.41,1.18,"1,077",23.5,180.2,1
B00279, C,night,891.0,90,11.9,1.25,"1,212",21.9,172.0,1
B00787,E,night,816.2,150,10.99,0.92,"1,079",23.1,168.8,1
B00097,A ,night,838.7,105,10.68,1.42,763,23.8,174.0,1
B01120,B,day,842.0,120,11.82,0.66,601,22.0,177.1,1
B00294,F,night,824.1,90,10.31,1.4,843,24.2,169.4,1
B00209,A,night,869.8,90,8.57,1.45,"1,312",22.1,172.6,1
B00676,f,day,878.2,90,13.2,0.49,776,23.4,178.9,1
B01126,B ,night,881.8,120,16.64,0.66,278,23.8,179.2,1
B00037,A,day,802.7,120,13.53,0.78,"1,123",25.2,161.3,0
B00859,E,day,842.8,120,9.87,0.77,566,22.3,181.4,1
B01153,E,day,869.1,105,14.83,1.33,882,22.0,177.3,1
B01240, D,night,843.5,135,13.62,0.88,318,26.7,175.5,1
B01345,D,night,856.6,120,12.51,1.04,284,26.8,175.7,1
B01112,D,day,839.4,150,12.5,1.58,725,23.6,174.5,1
B00580,E ,day,845.2,135,10.87,1.25,615,24.2,176.5,1
B00110,B,night,876.4,120,14.63,1.14,858,23.7,176.3,1
B00084,B,night,803.9,90,7.63,1.24,"1,008",26.7,165.0,0
B00295,f,day,875.8,90,14.16,0.85,370,17.3,179.4,1
B01080,B,night,862.7,120,11.97,1.44,276,23.2,179.3,1
B01315,D,day,852.9,120,13.55,1.74,"1,168",27.7,169.3,1
B00287,A,day,882.4,105,9.85,2.12,"1,660",21.1,170.0,0
B00284,A,night,879.2,105,14.55,0.68,"1,027",25.6,175.2,1
B00639,F,day,905.9,135,11.67,1.51,489,23.8,178.5,1
B00397,A,day,819.1,135,10.57,1.29,879,25.5,168.3,1
B00415, E,day,874.2,120,11.13,0.28,822,22.6,182.8,1
B01013,C,day,806.0,120,15.63,0.6,629,26.8,162.1,0
B01076,c,night,786.9,150,17.62,1.29,"1,090",22.0,155.3,0
B00725,E,day,866.4,135,12.9,0.85,"1,206",23.3,181.0,1
B00754,E ,day,816.7,120,12.92,1.44,"1,196",22.5,166.2,0
B01333,F ,night,884.1,105,10.67,0.86,921,22.8,178.6,1
B00808,C,night,834.6,135,17.4,1.52,974,26.1,170.7,1
B00832, A,day,862.1,135,10.03,0.92,758,20.8,177.3,1
B01396,D,day,898.2,135,13.29,1.11,"1,414",25.5,177.7,1
B00838, A,day,866.3,135,11.58,1.38,783,21.8,173.1,1
B01046,A,day,825.3,105,11.9,0.74,479,27.4,168.1,1
B00780,D ,night,891.3,135,8.94,0.96,904,21.7,181.5,1
B00426,F,night,842.5,120,10.46,1.22,604,25.1,177.5,1
B00327,C,night,854.9,90,12.36,1.41,768,28.3,176.4,1
B00199,E,day,879.7,90,10.02,1.05,708,24.2,180.1,1
B00994,C,night,901.1,90,16.13,1.51,"1,133",24.7,172.5,1
B01367,A,night,845.7,105,11.15,0.59,836,24.5,169.5,1
B00628,F,day,827.9,150,13.36,1.01,317,23.6,176.6,1
B00898,d,night,875.8,120,-,-,"1,452",23.8,172.1,1
B00728,A,night,874.4,90,9.48,1.38,683,24.3,173.4,1
B00934,A,day,855.3,120,12.02,1.13,723,21.7,175.4,1
B01306, C,night,854.5,135,-,1.08,874,23.4,175.4,1
B00575,E,day,816.8,150,10.17,0.81,"1,083",22.4,168.2,1
B00659,F ,night,890.4,90,13.0,0.96,314,28.9,179.1,1
B00979,E,night,814.8,135,11.37,1.59,793,27.3,166.8,0
B00449,C,night,819.2,120,11.7,1.04,"1,163",20.4,167.4,0
B00346,C ,night,791.5,105,11.61,1.64,985,24.5,159.9,0
B00045,e,night,823.5,135,11.6,0.93,720,20.9,168.8,1
B01200,C,night,794.5,120,6.88,1.37,521,26.2,161.0,0
B00306,D,night,846.3,120,9.66,1.6,423,23.7,178.0,1
B00154,C,day,877.8,105,14.54,-,230,25.3,177.6,1
B00498,C,night,892.7,105,13.74,1.03,989,21.4,178.0,1
B01072,E,night,849.3,90,13.6,1.3,500,27.1,175.5,1
B00576,E,day,848.9,90,12.54,1.46,819,25.7,173.7,1
B00517,B,day,869.2,150,11.56,1.17,282,29.0,180.3,1
B00573, B,day,815.2,150,11.18,0.8,150,23.1,170.0,1
B00796,D,day,861.7,120,11.24,1.41,"1,245",27.6,170.4,1
B00680, B,night,838.5,105,11.13,1.52,"1,128",25.1,169.5,1
B01328,F,day,833.2,135,15.42,1.85,592,22.8,170.3,1
B01329,E,day,840.9,135,6.35,0.85,"1,088",25.9,179.3,1
B01061,b,day,858.0,90,17.06,1.25,850,26.3,173.5,1
B00402,F,night,798.5,105,15.68,1.82,717,27.5,160.2,0
B00193,B,night,871.0,105,10.92,1.07,"1,265",23.9,172.5,1
B00707, E,day,826.0,135,9.78,1.41,"1,044",19.9,176.4,1
B00484,b,day,877.1,150,13.23,1.53,"1,146",22.0,174.7,1
B00123,D,night,855.4,90,13.53,1.0,"1,183",22.1,172.3,1
B00237,F,day,870.2,135,8.25,1.44,341,26.1,183.2,1
B00406,D,night,842.7,150,5.99,1.53,"1,052",21.7,176.8,1
B00986,B,day,833.9,150,8.58,1.49,582,24.4,172.3,1
B00174,F,night,877.3,105,11.5,,792,26.2,174.6,1
B00006,B,day,879.4,120,13.48,1.44,"1,277",27.7,170.2,1
B00132,A,night,920.6,135,16.15,1.61,803,23.3,176.8,1
B00946,C,night,782.5,120,14.31,1.14,816,26.8,154.5,0
B00399,E,night,851.3,150,13.4,1.08,487,20.9,175.4,1
B00745,B,night,900.3,150,14.89,N/A,766,23.9,177.2,1
B00589,D,night,868.1,120,12.36,1.47,717,23.1,177.0,1
B01339,C,night,845.8,120,9.14,2.33,584,28.5,175.5,1
B00769,B,day,849.0,90,8.87,0.51,624,25.4,177.9,1
B00468,a,night,869.4,120,12.83,1.47,844,24.3,177.8,1
B00599, B,day,820.0,135,7.74,1.14,754,999.0,173.6,1
B00634,F,day,912.9,105,12.94,0.75,444,23.5,179.5,1
B01092,A,night,860.8,150,14.08,0.25,192,23.8,186.1,1
B00305,e,day,841.3,90,11.99,1.45,659,23.1,173.8,1
B00755,d,day,890.1,120,,1.45,"1,028",23.4,181.6,1
B00461,f,day,853.0,105,14.51,1.01,"1,079",24.4,173.7,1
B00892,d,day,873.6,90,17.0,1.35,49,25.2,179.9,1
B00008,c,day,882.3,90,13.52,1.61,"1,234",23.6,172.8,1
B00812,C,night,845.0,90,11.37,1.02,669,26.6,176.5,1
B00491,D,night,849.3,90,12.72,1.23,"1,142",23.7,168.7,1
B00235,A,day,775.5,150,11.79,1.12,906,20.9,147.8,0
B00930,A,night,902.3,90,12.69,1.59,717,21.6,175.5,1
B01168, C,day,887.0,120,8.42,0.87,"1,241",25.4,177.6,1
B01008,F,night,878.5,150,13.4,0.76,344,26.6,183.2,1
B00806,e,day,870.2,135,8.05,1.52,"1,039",23.9,174.3,1
B00981,F,night,863.6,150,14.1,0.94,447,24.4,179.2,1
B00765,a,day,858.7,105,13.38,0.65,"1,069",23.8,173.2,1
B00941, C,night,831.9,90,13.55,1.43,"1,439",24.5,165.9,0
B01117,C,day,826.8,120,12.08,0.94,978,22.7,172.6,1
B00635,F ,day,866.4,135,10.97,0.81,"1,169",24.5,176.2,1
B00435,C,day,863.0,120,12.78,1.82,509,23.3,177.5,1
B01214,F,night,872.0,90,11.29,1.43,906,25.1,176.3,1
B00890,A,day,879.2,135,10.38,0.72,406,24.2,179.7,1
B00936,E,day,865.6,120,8.53,1.41,808,22.4,178.0,1
B00760,c,night,798.2,105,13.13,1.28,497,23.3,158.7,0
B01235,E,day,850.9,105,14.98,0.95,549,21.4,175.8,1
B00660,C ,day,829.2,90,13.22,1.35,955,27.7,169.6,1
B01089,A,day,892.8,105,12.18,1.32,"1,006",22.5,175.1,1
B00655,A,day,852.3,135,14.22,1.68,925,21.4,177.6,1
B01217, C,day,818.7,150,N/A,0.82,925,18.6,171.1,1
B01052,C,day,837.9,150,12.52,1.5,633,24.6,174.0,1
B00456,C,day,852.3,135,9.83,1.09,"1,088",23.7,175.7,1
B00995,C,day,872.4,105,13.1,0.74,669,28.1,178.0,1
B01373,F,night,820.9,150,12.22,1.06,727,24.1,171.0,1
B01267,A,night,852.8,135,7.77,0.93,726,19.9,179.8,1
B00165,A,day,858.4,150,13.4,0.79,"1,196",27.2,173.5,1
B00360,f,night,879.2,150,13.36,1.48,791,24.7,179.0,1
B00424,d,night,842.9,135,11.52,1.73,721,25.1,179.0,1
B01055,A,day,907.7,105,12.65,0.41,"1,153",22.3,175.7,1
B01382,e,night,834.6,105,13.9,0.45,960,27.1,170.6,1
B00602,A,day,862.3,135,14.87,0.77,686,26.2,175.9,1
B00789,b,day,857.2,150,13.54,1.28,930,24.6,176.0,1
B00013,C,day,889.3,135,15.05,1.15,974,24.8,177.2,1
B01378,D,night,835.8,135,13.13,1.13,"1,038",21.1,172.7,1
B00047,D,day,854.1,135,10.89,1.64,"1,118",999.0,174.1,1
B00504,C,night,772.2,90,12.99,1.38,825,24.3,146.8,0
B01077,A,day,904.1,135,10.35,1.2,913,24.7,178.3,1
B00099,B,day,865.7,120,12.38,1.55,795,20.7,175.5,1
B01185,A ,night,864.2,90,10.67,1.3,591,24.7,174.7,1
B01228,f,night,814.8,90,9.69,N/A,923,19.3,168.0,1
B01201,E,day,873.0,150,10.71,1.17,946,24.6,182.9,1
B00440, F,day,868.4,105,14.48,1.22,39,21.9,180.7,1
B00121,B,night,907.6,150,14.19,1.64,601,23.5,176.6,1
B00349,E ,day,832.7,90,14.62,1.39,749,24.3,167.1,0
B00391,C,day,828.3,150,10.86,1.22,965,21.7,173.1,1
B01025,F,night,824.9,105,11.06,1.46,"1,557",23.6,168.0,0
B00227,A,day,885.5,90,8.63,1.64,667,23.7,173.6,1
B00152,b,day,836.2,135,14.08,0.73,881,22.6,172.8,1
B00386,D,night,860.3,135,10.23,0.96,"1,059",25.6,178.0,1
B00531,F,night,854.3,120,12.96,1.56,695,24.1,174.8,1
B00011,A,day,829.1,120,,1.17,819,26.6,166.6,0
B00542,F,night,833.2,105,12.47,1.57,"1,725",999.0,165.8,0
B00768,E,day,813.8,105,12.03,0.92,243,25.6,169.7,1
B00224,B,day,860.1,105,11.62,1.37,421,23.6,175.3,1
B01051,C,night,827.2,150,13.38,1.61,"1,376",26.3,170.3,1
B00894,D ,day,849.9,150,12.64,0.91,"1,540",18.6,172.0,0
B01101,F,day,878.3,120,12.5,,982,26.0,178.2,1
B01242,d,night,870.5,105,8.69,1.81,876,24.5,174.9,1
B01006,E,night,852.8,90,12.72,1.34,722,24.0,172.2,1
B00948,E,day,826.3,105,9.97,1.31,503,23.5,168.5,1
B00081,C,day,859.8,105,13.84,0.41,755,22.3,177.3,1
B00587,F,night,843.2,90,11.83,1.27,"1,009",26.5,172.8,1
B00877, F,night,876.5,90,13.97,2.04,802,21.9,175.3,1
B00664,B,day,832.3,135,12.91,1.65,114,24.8,174.2,1
B01057,b,day,841.1,105,15.3,0.18,"1,128",27.3,171.8,1
B00005, F,day,832.1,120,15.77,0.17,519,20.4,175.9,1
B01196,c,day,877.8,150,10.83,1.12,695,27.1,181.8,1
B01380,A,day,835.4,105,-,0.74,"1,170",28.6,168.8,1
B00218,D ,night,827.1,150,12.65,0.94,841,23.4,174.2,1
B00122,C,night,853.7,105,15.23,0.84,661,24.9,174.4,1
B00717,A,day,807.7,105,5.12,1.46,644,24.4,164.3,0
B00957,C,day,812.2,105,7.35,1.26,177,23.2,171.7,1
B00003,A,day,887.7,120,10.45,1.53,613,22.9,176.8,1
B00708,A,day,855.7,105,10.81,1.41,594,28.8,173.9,1
B00329,D ,night,812.8,135,7.08,0.71,603,23.8,169.9,1
B01205,E,day,856.8,150,12.05,0.9,"1,177",22.1,180.7,1
B00326,C,night,808.8,150,11.98,1.26,587,20.3,165.6,0
B00875,F,night,853.2,120,12.56,0.56,701,22.8,178.4,1
B00931,D,day,857.9,105,11.6,0.08,"1,279",21.7,177.5,1
B00684,a,night,829.6,120,13.0,1.03,"1,360",27.4,167.7,0
B01125,B,day,860.5,105,11.9,0.89,766,21.5,178.4,1
B01388,C ,day,854.9,135,N/A,0.76,459,23.5,183.7,1
B00049,B,day,855.1,105,17.64,0.82,873,25.3,174.3,1
B00245,E,night,844.6,90,13.83,,819,24.2,171.9,1
B00149,C,night,911.5,120,10.57,1.08,526,25.0,175.7,1
B00672,F,night,907.9,90,10.1,0.68,"1,178",22.9,173.5,1
B00954,B,day,893.9,120,12.6,0.82,"1,663",25.4,174.7,0
B00748,e,night,863.0,120,13.59,1.11,817,26.3,173.8,1
B00359,A,day,832.4,105,9.1,1.28,235,23.4,172.0,1
B00016,D,night,855.6,105,12.11,1.32,288,26.4,177.2,1
B00222,E,night,838.0,120,15.03,N/A,831,25.2,173.8,1
B00470,F,night,890.0,135,11.62,0.46,906,25.5,182.8,1
B00480,A,night,817.2,90,13.16,0.7,707,24.6,167.4,0
B00203,F,night,821.1,135,12.06,,833,23.6,171.8,1
B00153,A,day,820.9,150,13.34,0.98,675,22.4,165.9,0
B01322,D,night,830.9,135,14.03,1.21,691,25.8,168.4,1
B00179,C,night,871.5,105,11.19,1.15,"1,484",29.0,178.5,1
B00338,C,night,806.3,105,8.98,1.38,"1,043",23.9,163.1,0
B01079,D,day,852.1,105,12.0,1.43,"1,006",25.8,173.6,1
B00543,F,day,814.5,90,6.15,1.17,775,23.3,169.1,1
B00142,C,night,859.2,105,8.91,0.98,892,22.9,176.9,1
B00819,E,day,875.7,135,N/A,1.87,367,27.5,177.4,1
B00874,C,day,835.7,120,14.9,0.81,814,26.6,172.1,1
B00311,B,day,821.3,90,6.63,1.07,"1,357",21.5,166.3,0
B01134, B,day,856.4,90,17.69,1.25,344,23.2,169.9,1
B00278,F,day,810.6,135,9.77,1.14,691,27.8,167.6,0
B01366,B,day,787.7,90,13.9,0.91,845,23.8,153.2,0
B01293,D,day,895.1,90,15.41,1.57,889,27.2,172.7,1
B00250,a,day,820.7,90,11.85,1.17,660,22.4,167.1,0
B00368,B,day,835.5,120,12.71,1.87,685,25.2,166.1,0
B00910,B,day,830.7,90,,1.27,932,20.5,168.2,1
B01299,B ,day,833.9,150,12.55,1.16,757,22.4,174.7,1
B00852,D,night,822.2,90,10.43,0.88,"1,002",20.6,170.5,1
B00863,E,night,867.6,120,10.24,1.26,879,27.8,183.3,1
B00387,D,day,869.5,150,,1.17,"1,564",19.8,173.8,0
B01188,E,day,859.5,150,14.09,1.44,"1,038",26.6,178.7,1
B00170,B,night,857.4,90,11.75,-,799,19.8,172.0,1
B00677,c,night,850.5,150,11.94,1.44,521,999.0,177.9,1
B00508,A,day,844.2,135,9.22,1.62,"1,213",26.0,171.2,1
B00694,F,day,822.9,105,7.38,1.57,476,26.0,173.4,1
B00390,b,day,866.5,135,5.63,1.24,672,27.8,180.3,1
B00823,F,night,872.1,90,13.98,1.49,735,26.0,177.4,1
B00860,D,night,828.3,105,9.81,0.94,600,26.8,167.8,0
B00069,E,night,864.3,90,8.16,1.26,618,24.1,181.4,1
B00766,E,day,850.5,90,13.85,1.33,311,20.6,171.1,1
B00585,A,night,831.5,135,10.11,1.08,946,21.6,170.3,1
B00187,D ,night,878.3,90,14.15,1.65,854,24.7,176.6,1
B00052,c,day,824.8,105,12.27,1.19,936,25.3,169.4,1
B01103,C,night,840.7,150,12.26,1.2,884,24.5,174.8,1
B01305,A,night,811.2,150,8.85,0.99,"1,032",26.5,167.0,0
B00857, D,night,854.8,90,14.02,1.73,665,23.0,174.3,1
B01074,F,day,803.7,120,12.18,1.46,671,24.8,163.9,0
B00403,C,day,889.4,90,11.92,1.29,562,26.9,177.6,1
B01213,C,night,905.1,135,14.1,1.39,800,23.2,177.5,1
B00801,F,night,830.6,90,12.71,1.57,744,25.3,166.4,0
B00698,f,night,870.1,135,9.21,0.78,629,21.6,180.8,1
B01375,D,night,889.9,150,7.17,1.22,840,23.3,180.3,1
B00015,C,day,830.1,150,14.22,1.26,800,21.4,168.4,1
B00919,B,night,853.8,90,-,1.16,929,29.4,171.6,1
B00856,D,night,873.7,150,12.0,1.06,576,21.7,179.5,1
B00050,C,day,808.0,150,13.56,1.27,599,24.9,165.8,0
B01087,C,day,881.6,105,13.35,1.31,884,25.3,179.9,1
B00298,D,night,817.6,150,12.27,0.86,"1,009",24.2,169.1,1
B01236,B,day,856.3,120,11.89,1.55,452,23.4,178.7,1
B00904,D ,day,847.2,105,13.28,1.11,956,26.2,170.4,1
B00804,B,day,829.7,105,10.96,1.09,493,28.7,171.9,1
B01292,E,day,929.2,150,13.88,1.6,330,23.0,177.3,1
B00130, C,night,837.4,120,N/A,1.88,"1,492",24.5,165.6,0
B00405,A,night,847.2,105,12.02,0.87,708,22.6,174.5,1
B00798,B,day,804.5,90,11.4,1.18,408,24.6,163.2,0
B00613, E,day,863.9,150,12.17,1.05,706,23.6,181.6,1
B00638,a,night,778.3,120,8.87,1.03,722,999.0,152.3,0
B00565,A,day,847.1,105,13.14,1.17,681,25.0,176.1,1
B00847,E,day,883.7,90,13.19,1.04,668,23.0,179.4,1
B00297,E,night,816.3,135,8.67,0.6,658,21.7,172.9,1
B01327,C,day,815.0,105,8.37,1.12,"1,158",22.5,161.4,0
B00427,A,night,828.0,105,12.67,1.1,768,22.9,172.5,1
B00288,F ,night,857.0,150,11.64,2.09,258,22.5,178.0,1
B00627,b,night,832.6,105,13.79,1.02,890,22.6,167.2,0
B00133, F,night,864.3,105,12.03,0.78,"1,043",24.4,178.0,1
B00557,E,day,865.4,150,9.91,0.59,"1,145",25.3,180.5,1
B01308,D,day,869.9,135,7.3,1.07,145,26.7,186.0,1
B00866,B,night,847.4,105,14.75,1.01,"1,455",26.7,168.3,1
B01066,B,day,894.1,105,14.72,1.87,874,22.3,170.0,1
B01291,B,night,871.3,135,-,1.09,"1,107",24.0,174.6,1
B00561,D,night,858.1,105,13.62,0.59,113,20.9,178.7,1
B01086, C,night,859.9,105,N/A,0.54,560,23.4,179.7,1
B00462, F,day,786.3,90,19.25,1.24,"1,108",20.8,151.6,0
B00990,d,day,868.0,105,11.11,1.65,769,24.4,182.0,1
B00073,B,day,813.1,90,11.15,1.01,760,21.5,165.5,0
B00706,E,day,838.1,90,13.03,0.89,"1,219",22.9,170.9,1
B00688,F ,night,819.7,150,13.53,1.59,"1,068",24.8,165.8,0
B00950,B,day,830.9,105,10.75,1.44,393,25.4,174.5,1
B00938,F ,night,884.2,90,17.45,0.71,592,21.1,175.4,1
B01198, B,day,871.0,135,14.42,0.78,506,28.5,175.5,1
B00178, E,day,873.0,150,12.97,1.29,"1,095",27.4,175.7,1
B00870,E,day,850.0,135,10.61,1.58,166,20.2,180.5,1
B00043,F,day,845.0,105,12.88,1.26,"1,059",31.4,169.3,1
B00727,B,night,864.9,150,14.13,1.54,"1,368",24.9,173.2,1
B01113,A,day,924.5,105,16.3,1.77,"1,069",24.3,172.3,1
B00251,A,day,862.3,120,12.08,1.58,736,26.9,180.2,1
B00310,F,night,904.0,120,11.22,0.77,"1,329",21.1,177.2,1
B00667,D ,night,826.8,150,10.05,1.46,535,28.0,171.5,1
B00661,D,day,853.0,135,13.56,1.2,"1,030",22.8,175.3,1
B00367,b,day,836.7,150,13.67,1.87,831,25.0,171.8,1
B00307,E,day,879.9,90,12.03,1.81,894,23.6,177.9,1
B00813,C,night,842.4,150,13.25,1.66,810,24.5,173.3,1
B00593,E ,day,834.4,150,-,1.34,613,22.1,178.6,1
B00289,F,day,881.2,120,11.31,1.42,232,22.8,180.1,1
B01342,F,night,852.1,135,13.06,0.78,558,28.0,176.2,1
B00608,E,night,900.9,150,9.72,0.73,482,24.3,188.0,1
B00320,B,night,859.3,150,12.78,0.54,700,23.4,177.1,1
B01098,E,night,844.0,105,16.01,1.37,964,25.5,175.2,1
B00670,B,day,851.0,105,17.44,1.6,731,20.8,171.5,1
B00438, E,day,848.7,150,-,1.13,813,27.4,176.1,1
B00848,b,night,839.4,150,14.03,1.0,2,21.8,175.4,1
B00701,D,day,888.7,120,15.12,0.77,513,26.3,180.9,1
B00933, C,day,899.3,150,11.13,1.81,931,25.7,179.0,1
B00280, B,day,875.6,135,10.66,1.3,"1,309",26.2,175.5,1
B00843,f,day,831.2,135,13.09,1.23,"1,289",19.7,171.0,1
B00696,B ,day,850.0,105,15.52,0.85,"1,170",24.3,167.5,0
B00445,A,night,840.0,90,13.92,1.71,820,28.7,170.2,1
B00514,E,night,876.4,135,8.3,1.32,792,23.2,180.0,1
B01209,c,day,805.1,90,11.12,1.57,839,24.1,160.1,0
B00239,A,night,806.0,120,10.15,1.06,763,25.9,162.4,0
B00231,b,day,797.5,120,14.28,0.88,831,24.7,161.0,0
B00907,F,day,839.1,135,13.12,0.87,659,22.6,174.8,1
B01012,E,night,837.4,135,8.57,1.48,"1,389",24.4,173.7,1
B00312,D,night,829.4,90,8.46,0.9,570,27.9,174.7,1
B00912, A,night,822.6,120,-,,"1,267",999.0,168.6,1
B01321,E,day,851.3,150,11.28,0.97,775,26.6,180.0,1
B01317,E,day,850.4,150,12.46,1.14,229,25.9,179.5,1
B00106,F,day,792.6,120,14.33,1.21,576,21.2,160.9,0
B01078,D,day,803.1,90,12.95,0.91,"1,127",23.3,164.9,0
B00893,F,day,820.2,90,11.85,0.98,838,22.3,166.9,0
B00886, B,day,849.5,120,10.75,0.41,"1,303",25.7,173.3,1
B00952,D,night,893.6,135,9.13,,881,22.6,178.2,1
B01192,B,day,881.8,135,16.21,1.24,984,22.4,173.0,1
B00772,A,day,815.7,120,10.21,1.11,974,21.0,164.3,0
B00926,D,night,855.9,120,9.3,0.88,"1,453",26.0,177.6,1
B00669,C,day,823.0,105,-,1.14,998,999.0,164.9,0
B00229,F,night,829.5,105,15.06,0.42,732,22.8,177.1,1
B00333,E,night,852.9,90,12.85,1.38,813,25.1,174.3,1
B00980,A,night,860.7,90,9.86,1.22,"1,473",25.4,173.3,1
B01183,B,night,864.1,135,13.83,0.99,922,23.7,176.7,1
B00788,B,day,899.2,105,12.75,1.03,"1,191",22.4,173.3,1
B00902, E,night,894.5,150,13.39,1.11,"1,248",20.9,178.9,1
B01002,E,day,859.5,90,14.22,1.41,694,26.1,176.3,1
B00350,C,night,919.2,135,9.19,1.27,458,25.3,180.0,1
B00493,B,day,904.4,105,11.09,0.7,789,21.9,176.6,1
B01226,b,night,871.6,120,13.12,0.9,990,21.5,179.3,1
B00144,A,day,891.8,150,11.74,1.15,913,23.7,177.9,1
B01356,E,night,851.4,150,9.65,0.62,"1,119",25.4,182.6,1
B01107,B,night,847.8,105,14.11,1.27,783,25.2,168.2,1
B00568,D,day,891.4,135,7.87,1.08,811,24.9,181.8,1
B00591,C,night,868.4,120,9.41,1.62,879,26.7,180.2,1
B01359, E,night,847.7,105,9.14,1.87,694,23.5,178.0,1
B01189,F,day,843.3,135,12.3,1.27,348,26.3,174.3,1
B00552,D,day,866.9,120,11.68,1.43,"1,033",21.1,176.6,1
B00414, E,night,893.1,90,13.49,1.02,636,27.0,177.4,1
B00488,A ,day,864.6,135,11.67,0.78,699,23.2,176.4,1
B00173,A,day,818.1,135,13.14,0.95,611,22.8,168.5,1
B01099,B,day,800.0,150,14.64,0.92,"1,063",25.8,160.9,0
B00753,A,day,854.8,150,13.53,1.31,552,22.6,179.1,1
B00968,D,night,805.8,150,15.87,1.71,950,22.7,164.6,0
B00618,F,night,829.9,90,11.08,0.95,"1,100",26.4,169.9,1
B00554,F,day,833.8,105,12.36,1.39,559,26.2,174.7,1
B00485,E,night,851.3,135,10.93,1.56,494,27.1,180.4,1
B01379,A,night,812.6,150,11.99,1.23,"1,110",25.3,164.4,0
B00472, A,night,868.6,135,11.29,1.02,590,21.7,178.6,1
B00880,F,night,831.4,90,12.43,1.36,599,22.8,174.3,1
B00962,F,day,866.4,90,16.41,1.06,249,18.9,177.9,1
B00654,A,night,824.5,90,16.27,0.87,620,25.7,168.3,1
B00479,B ,night,874.2,150,7.63,1.02,457,29.1,181.4,1
B00240,E,night,878.2,135,13.01,N/A,"1,001",26.7,178.8,1
B00949,A,day,868.6,120,13.42,1.31,"1,291",24.7,169.4,1
B00143,c,night,909.1,90,9.25,1.44,483,28.1,177.5,1
B00909,C,day,839.7,135,14.55,1.2,611,22.9,173.1,1
B01352,C,day,828.8,120,6.65,0.49,"1,196",24.6,173.0,1
B01245,E,night,814.9,105,7.52,0.86,"1,161",27.0,167.7,0
B00742,F ,day,847.3,90,8.78,0.85,"1,406",26.7,173.9,1
B00164,B,night,816.0,90,11.73,0.94,558,22.6,170.0,1
B00758,E,night,781.6,105,13.8,1.82,907,23.8,153.7,0
B00643,D,night,854.7,150,13.32,1.09,716,20.9,176.6,1
B00020,E,night,869.7,135,12.92,1.64,"1,182",25.0,176.8,1
B00129,D,day,837.4,90,13.83,1.17,945,18.6,169.4,1
B00518,F ,day,849.2,105,12.78,-,902,26.7,174.8,1
B00605,B,night,793.8,120,10.18,0.63,"1,443",25.4,159.1,0
B00189,D,day,855.6,105,10.77,1.34,430,24.0,177.9,1
B00205,C ,night,839.0,90,10.31,1.16,574,21.4,175.0,1
B00535,E,day,895.9,135,11.91,1.44,176,21.3,181.1,1
B00140,C ,day,867.7,150,10.44,1.44,491,22.4,180.7,1
B00185, E,day,851.6,120,10.82,1.34,833,22.1,173.6,1
B00809,D ,day,879.7,135,17.88,0.39,841,24.1,180.6,1
B00906,B,night,812.3,135,13.13,1.47,950,23.1,164.1,0
B00207,F,day,856.3,135,13.59,1.27,726,26.1,179.1,1
B01301, B,day,896.1,120,16.47,1.12,448,23.9,175.0,1
B01265, C,night,871.8,90,14.75,1.8,807,26.1,175.2,1
B01272,B,night,861.2,105,14.53,1.23,834,22.9,169.6,1
B01122,B,night,842.5,120,13.02,0.86,"1,587",26.3,171.6,0
B00646,a,day,859.0,105,11.0,1.08,876,24.9,171.5,1
B00773,B,night,865.6,90,13.99,0.81,762,24.3,171.2,1
B00969,C,night,850.4,150,11.06,1.11,177,26.6,178.6,1
B00363,F,day,855.2,90,13.98,1.04,743,28.9,177.1,1
B01042,e,day,874.4,150,10.89,0.9,"1,198",24.0,176.4,1
B00640,F,day,888.5,120,10.69,1.38,"1,144",30.3,175.0,1
B00451, D,night,845.2,135,13.07,1.47,277,23.4,178.5,1
B01364,E,night,839.0,135,9.3,1.2,"1,134",28.8,174.3,1
B00348,e,day,871.6,90,11.65,0.75,"1,043",18.2,175.7,1
B00380,F,day,842.8,120,N/A,1.19,"1,262",21.0,171.7,1
B01027,A,night,896.0,90,12.87,1.28,910,22.0,174.3,1
B00961,A,day,858.3,90,11.25,1.62,957,22.7,169.5,1
B00272,B,night,867.1,90,13.92,1.86,720,20.1,171.6,1
B00416,E ,day,889.6,90,5.86,0.94,"1,081",25.6,180.1,1
B01398,F,day,795.2,90,N/A,N/A,847,23.0,163.0,0
B00489,C,night,902.8,105,15.2,1.64,376,24.5,177.2,1
B01358,D,night,889.3,120,13.63,1.63,"1,232",24.6,174.6,1
B00482,C,day,881.6,120,11.2,1.9,"1,217",20.9,172.9,1
B00943,B,night,841.6,90,-,1.54,63,24.5,173.1,1
B00913,A,night,860.9,150,11.75,-,"1,289",26.1,172.3,1
B00055, A,day,900.6,120,11.39,0.95,478,24.0,182.6,1
B01269,F,day,839.4,105,12.51,1.12,171,26.1,175.6,1
B00529,A,night,914.6,135,-,1.0,"1,267",24.9,182.3,1
B00675,C,day,819.9,105,10.34,0.4,352,20.1,171.4,1
B00988,B ,day,842.4,135,12.23,1.46,"1,154",22.8,172.5,1
B00481,C ,day,872.3,90,11.46,1.61,466,22.1,175.5,1
B00538,A ,day,816.9,150,9.29,1.21,"1,168",22.2,164.8,0
B01100,E,day,863.0,90,-,1.73,652,27.2,177.0,1
B00148,B,day,819.3,150,11.79,1.15,937,28.7,169.9,1
B01024,F,night,804.3,105,8.3,1.05,"1,147",24.5,164.4,0
B01121,b,night,923.1,105,11.81,0.98,808,26.4,174.7,1
B00379,a,day,836.1,90,12.46,N/A,352,24.8,169.8,1
B01390, D,night,857.5,90,17.04,1.58,347,23.1,174.0,1
B00273,C,night,860.9,150,11.6,1.13,"1,213",23.7,173.6,1
B00090,D,night,828.2,150,,1.52,424,999.0,173.5,1
B01182,D,day,835.8,120,12.93,1.39,956,22.1,167.3,0
B00709,A ,night,823.9,150,12.32,0.89,234,18.6,173.3,1
B00107,A,day,868.0,150,12.28,0.92,994,29.4,177.4,1
B00615,C,day,857.4,150,10.83,1.22,"1,238",22.8,171.5,1
B00937,A ,night,837.9,105,9.08,0.87,"1,271",21.5,174.3,1
B00464,C,day,814.7,135,14.19,0.91,"1,277",23.8,165.6,0
B00519,A,night,831.8,150,16.44,1.07,939,999.0,170.1,1
B00064,A,night,871.5,120,8.31,0.98,"1,138",20.7,180.2,1
B01303,D,night,845.3,135,10.26,1.2,"1,166",22.4,173.8,1
B00550,A,day,879.2,105,N/A,1.28,772,23.5,172.5,1
B01216,B ,day,849.2,105,14.27,1.29,625,25.3,169.4,1
B00347,F,day,825.3,90,10.24,0.75,"1,470",18.7,170.8,1
B00569,A,day,848.2,105,11.88,1.59,688,28.3,166.5,0
B00791,B,night,818.7,90,12.43,1.29,"1,600",24.7,161.2,0
B00434,B ,day,809.2,120,10.54,-,647,25.4,163.3,0
B00088,E,day,837.7,135,9.12,0.9,757,21.5,176.5,1
B00719,e,night,843.9,135,17.56,-,955,26.8,169.6,1
B00879,d,night,882.8,105,15.59,1.74,"1,117",21.5,171.2,1
B01123,A,day,849.1,120,-,1.4,709,23.8,174.3,1
B00700,E,day,885.0,135,12.08,0.99,705,25.3,180.6,1
B00277,E,night,847.1,135,11.41,1.5,887,24.3,174.4,1
B01347,B,night,833.7,90,12.02,1.26,230,21.0,172.5,1
B00252,d,night,911.8,150,N/A,1.38,946,21.2,174.8,1
B01149,C,day,828.8,90,12.03,1.69,844,25.1,169.2,1
B00317,F,night,850.8,90,9.53,1.15,724,23.3,175.2,1
B00921,A,night,799.9,135,9.33,1.03,"1,165",25.7,160.9,0
B00364,C,day,833.7,135,12.58,1.47,458,20.9,173.5,1
B00526,B,day,842.2,135,10.8,1.06,"1,079",27.2,174.8,1
B00453,E,day,827.4,90,12.47,1.14,766,22.3,168.1,1
B01274,C,night,851.1,150,16.18,0.94,502,23.0,169.0,1
B01300,C,night,838.8,105,N/A,1.33,841,21.7,170.9,1
B01135,F,day,865.0,105,16.47,1.21,514,24.2,180.0,1
B00080,A ,day,888.9,120,10.21,1.23,403,20.7,177.5,1
B00888,E ,night,826.4,105,-,1.32,898,26.5,167.2,0
B00063,E,day,873.3,90,12.8,1.39,644,22.4,182.4,1
B01241,E,night,854.8,105,12.86,1.34,597,23.3,177.0,1
B00510,D,day,917.6,120,7.11,0.91,"1,212",24.5,173.7,1
B00928, B,night,897.8,90,10.31,1.09,981,24.2,177.7,1
B00275,d,night,834.9,150,7.31,1.49,361,20.0,175.4,1
B00362,F,night,824.7,120,12.87,1.26,886,24.6,170.5,1
B00345,A,day,880.9,135,12.6,1.72,859,21.7,172.9,1
B01119,F,day,871.5,135,10.51,1.02,693,27.5,183.0,1
B00652,A,day,856.4,150,N/A,1.48,810,27.3,176.4,1
B00964,A,day,853.7,120,15.3,1.1,755,21.6,173.0,1
B01221,C,day,855.0,150,11.38,1.68,"1,209",22.5,175.3,1
B00145,A,night,844.7,90,6.54,1.16,524,21.0,177.0,1
B00751,A,night,845.1,90,14.74,1.0,784,26.2,172.6,1
B00477,c,day,844.2,135,9.89,1.66,640,25.5,176.1,1
B00579,F,day,843.2,135,11.66,0.93,740,23.3,177.3,1
B01215,F,night,812.8,105,9.35,1.98,669,22.2,163.7,0
B00597,A,day,848.1,90,10.68,1.5,"1,023",23.0,169.5,1
B01311, C,day,893.0,90,14.09,0.43,710,23.8,176.3,1
B00824,B,day,831.9,105,13.26,1.86,796,21.5,169.5,1
B00190,C,day,858.9,90,,-,"1,092",19.6,174.1,1
B01246,D,day,865.9,105,10.23,1.45,846,23.2,173.0,1
B01157,E,night,867.7,90,,1.42,708,23.0,175.8,1
B00014,B,day,856.5,120,11.89,1.24,593,25.4,177.0,1
B00409,F,night,820.0,105,11.91,0.68,"1,382",21.3,165.3,0
B00038,A,day,854.1,135,16.26,1.16,751,23.7,173.3,1
B01385,B,night,859.4,135,6.98,0.56,"1,505",25.6,180.3,0
B01232,F,night,876.2,150,N/A,0.77,810,21.1,188.5,1
B00974,A,night,821.1,120,12.63,1.5,647,24.8,165.1,0
B00062,D,night,773.5,120,10.67,1.2,387,25.7,153.2,0
B00393,D,day,820.7,150,10.53,1.52,665,28.9,171.0,1
B00699,A,night,850.0,135,11.53,0.62,854,27.3,176.1,1
B01372,C,day,851.1,135,13.82,0.85,"1,158",28.8,176.7,1
B00623,B,night,924.1,90,11.93,1.48,932,25.0,172.1,1
B00977,B,day,831.4,135,14.52,0.41,341,23.7,174.6,1
B00563,A,night,835.9,120,11.26,1.29,610,27.5,171.9,1
B01371,C,night,834.7,135,7.29,1.36,965,29.0,174.2,1
B00270,F,day,863.3,135,17.02,1.79,407,26.7,175.0,1
B00509,F,day,864.4,120,,1.14,"1,356",22.0,170.1,1
B00720,B,night,888.0,120,16.82,0.57,222,22.4,181.9,1
B00436,C,night,831.4,120,14.86,0.65,932,20.8,170.0,1
B00131,A,night,896.0,90,9.4,0.66,859,26.0,178.2,1
B01285,B,day,851.4,120,11.71,1.35,13,23.2,173.3,1
B00972,E ,night,845.5,120,12.13,0.62,731,25.5,175.5,1
B01094,E,day,883.6,120,11.45,1.22,"1,573",22.6,176.9,0
B00328,C,day,849.0,150,9.63,1.02,"1,184",24.3,178.2,1
B00836,C,day,841.1,135,13.97,0.97,"1,057",24.5,173.9,1
B00502,F,day,824.6,90,10.24,0.82,"1,213",23.7,169.3,1
B01111,D,day,888.9,120,12.42,0.82,96,27.5,182.3,1
B00872,F,night,837.9,150,,1.49,995,20.7,174.4,1
B01106,D,night,830.0,135,13.76,1.75,794,25.8,170.7,1
B00060, C,night,886.7,150,8.95,1.0,"1,441",21.4,177.3,1
B00223,F,night,866.3,90,14.12,-,682,24.5,176.5,1
B01045,B,day,853.6,90,-,0.83,730,23.6,176.3,1
B00724,C,day,835.5,90,12.72,-,990,21.2,168.1,1
B00612,e,day,825.0,150,14.8,1.17,974,26.3,167.3,0
B01218,B,day,848.5,150,12.36,1.59,"1,124",27.6,170.6,1
B01210,f,night,822.0,105,14.85,0.62,639,28.2,172.2,1
B00924,D,night,795.8,105,13.01,0.82,969,24.0,158.5,0
B00079,D,day,857.8,120,N/A,0.8,692,25.4,179.1,1
B00036,E,day,824.7,150,-,1.05,"1,435",19.4,168.5,1
B00355,C,night,837.8,105,13.84,0.91,691,19.8,173.4,1
B00319,D ,night,868.4,135,8.47,1.98,"1,074",23.7,178.6,1
B01231,A ,night,833.4,135,15.94,1.01,725,23.5,170.0,1
B00997,e,day,848.7,90,11.81,1.58,"1,007",27.4,170.0,1
B00447,D,day,877.7,150,10.57,0.71,663,24.3,181.1,1
B00051,B,night,903.1,90,8.67,1.3,456,22.9,174.4,1
B01307,A,night,854.2,120,,0.47,937,24.4,175.3,1
B00228,F,night,795.7,135,10.29,1.2,866,25.0,162.9,0
B00157,D,night,862.6,120,,1.04,"1,458",25.1,168.2,1
B01225, F,night,902.6,150,9.14,1.17,978,25.9,179.2,1
B00128,D,day,861.0,105,16.02,1.31,"1,013",21.8,177.1,1
B00120,B,day,828.9,150,13.01,,"1,098",25.4,170.3,1
B00065,F,day,862.4,105,12.12,0.38,919,25.2,177.7,1
B00987,E,night,866.3,90,7.99,1.56,634,27.6,178.4,1
B00191,f,day,889.1,105,9.81,1.18,425,21.1,179.7,1
B00606,D,day,848.7,135,12.67,0.61,734,23.6,174.6,1
B01320,B,night,866.8,90,19.11,1.23,289,23.9,171.3,1
B00290,B,day,869.3,135,12.87,0.87,"1,017",22.4,174.4,1
B00098,C,night,801.7,120,13.99,0.67,430,24.1,163.7,0
B00119,A,day,785.6,105,12.01,1.18,572,22.5,154.7,0
B00896,E,night,869.9,90,11.58,,"1,547",25.1,174.1,0
B00837,E,night,897.0,90,13.09,1.33,744,23.7,173.2,1
B00829,A,night,824.8,135,N/A,2.0,840,23.7,166.8,0
B01037,D,day,812.7,120,12.37,0.75,898,22.1,165.0,0
B00411,D,day,828.1,150,14.88,1.19,880,23.7,168.6,1
B00992, F,day,843.4,120,11.21,1.33,778,23.2,176.3,1
B00633,E,day,881.6,120,10.95,-,792,23.5,177.9,1
B01164,B,day,838.3,135,12.04,0.29,850,25.2,176.2,1
B00138,A,day,753.9,105,7.92,0.71,970,25.0,140.5,0
B00018,E,day,874.8,150,10.94,0.84,766,23.1,181.9,1
B00066,B,night,861.5,135,12.92,1.21,297,21.6,175.4,1
B01142,a,day,881.4,105,15.05,1.29,285,23.7,175.7,1
B00840,C ,day,899.3,90,12.69,0.99,877,21.6,176.8,1
B00942,F ,day,861.6,90,9.7,1.01,563,21.1,179.1,1
B00746,A,day,859.2,105,15.9,1.24,"1,025",25.7,172.5,1
B00703, D,day,823.6,135,12.47,1.46,473,23.5,173.6,1
B00230,A,night,832.0,120,14.32,1.57,202,25.6,167.4,0
B00651,A,day,850.9,120,12.36,1.06,"1,015",25.1,171.7,1
B00927,F,day,843.7,135,10.65,0.92,628,21.6,182.1,1
B01357,C,night,824.9,150,11.17,1.27,637,20.3,170.1,1
B00999, A,day,832.8,150,12.57,0.95,525,24.4,174.3,1
B00071,D,day,806.1,120,16.51,1.31,701,24.8,163.6,0
B00412,A,day,830.2,120,8.25,0.81,884,25.5,174.2,1
B00869,E,day,851.5,120,14.8,1.13,517,24.2,176.0,1
B00392,A,night,887.6,120,8.93,1.02,774,24.9,177.1,1
B00846, E,night,891.6,105,14.35,0.81,789,21.3,178.2,1
B00474,B,night,870.6,135,12.0,0.81,333,21.9,176.7,1
B00039,B ,day,864.5,135,9.68,1.22,964,23.8,179.8,1
B00376,D,night,784.7,135,9.11,1.29,"1,114",22.9,154.4,0
B01130,E,day,877.2,150,12.04,0.37,871,24.5,181.2,1
B00916,C,day,818.7,90,7.56,0.51,767,21.4,170.2,1
B01395,C ,day,848.2,105,-,1.17,681,25.6,173.1,1
B01263,C,day,917.4,120,10.27,1.33,"1,707",27.5,170.8,0
B00820,D,night,871.8,105,13.64,1.57,113,24.8,177.7,1
B00905,A,night,859.1,120,16.42,1.36,"1,087",24.7,169.6,1
